PDOid,PDOnam,Administrative_Region,Wine_Region,Designation_Level,min_row_spacing,max_row_spacing,min_plant_spacing,max_plant_spacing,max_area,source,notes
PDO-FR-A0697,Cornas,Auvergne-Rhône-Alpes,Rhône Valley,Communal,NULL,2.5,NULL,NULL,2.3,https://eur-lex.europa.eu/eli/C/2025/439/oj,
PDO-FR-A0349,Alsace Grand Cru Altenberg de Bergbieten,Grand Est,Alsace,Grand Cru,NULL,2,0.75,1.5,NULL,https://eur-lex.europa.eu/legal-content/EN/TXT/?uri=uriserv%3AOJ.C_.2022.395.01.0036.01.ENG&toc=OJ%3AC%3A2022%3A395%3ATOC,
PDO-FR-A0915,Alsace Grand Cru Altenberg de Bergheim,Grand Est,Alsace,Grand Cru,NULL,2,0.75,1.5,NULL,https://eur-lex.europa.eu/legal-content/EN/TXT/?uri=uriserv%3AOJ.C_.2022.372.01.0028.01.ENG&toc=OJ%3AC%3A2022%3A372%3ATOC,
PDO-FR-A0348,Alsace Grand Cru Altenberg de Wolxheim,Grand Est,Alsace,Grand Cru,NULL,2,0.75,1.5,NULL,https://ec.europa.eu/geographical-indications-register/eambrosia-public-api/api/v1/attachments/4100,
PDO-FR-A0340,Alsace Grand Cru Brand,Grand Est,Alsace,Grand Cru,NULL,2,0.75,1.5,NULL,https://eur-lex.europa.eu/legal-content/EN/TXT/?uri=uriserv%3AOJ.C_.2022.374.01.0030.01.ENG&toc=OJ%3AC%3A2022%3A374%3ATOC,
PDO-FR-A0336,Alsace Grand Cru Bruderthal,Grand Est,Alsace,Grand Cru,NULL,2,0.75,1.5,NULL,https://ec.europa.eu/geographical-indications-register/eambrosia-public-api/api/v1/attachments/4100,
PDO-FR-A0338,Alsace Grand Cru Eichberg,Grand Est,Alsace,Grand Cru,NULL,2,0.75,1.5,NULL,https://ec.europa.eu/geographical-indications-register/eambrosia-public-api/api/v1/attachments/4101,
PDO-FR-A0385,Alsace Grand Cru Engelberg,Grand Est,Alsace,Grand Cru,NULL,2,0.75,1.5,NULL,https://ec.europa.eu/geographical-indications-register/eambrosia-public-api/api/v1/attachments/4102,
PDO-FR-A0298,Alsace Grand Cru Florimont,Grand Est,Alsace,Grand Cru,NULL,2,0.75,1.5,NULL,https://ec.europa.eu/geographical-indications-register/eambrosia-public-api/api/v1/attachments/4103,
PDO-FR-A0346,Alsace Grand Cru Frankstein,Grand Est,Alsace,Grand Cru,NULL,2,0.75,1.5,NULL,https://ec.europa.eu/geographical-indications-register/eambrosia-public-api/api/v1/attachments/4104,
PDO-FR-A0384,Alsace Grand Cru Froehn,Grand Est,Alsace,Grand Cru,NULL,2,0.75,1.5,NULL,https://ec.europa.eu/geographical-indications-register/eambrosia-public-api/api/v1/attachments/4105,
PDO-FR-A0378,Alsace Grand Cru Furstentum,Grand Est,Alsace,Grand Cru,NULL,2,0.75,1.5,NULL,https://ec.europa.eu/geographical-indications-register/eambrosia-public-api/api/v1/attachments/4106,
PDO-FR-A0379,Alsace Grand Cru Geisberg,Grand Est,Alsace,Grand Cru,NULL,2,0.75,1.5,NULL,https://ec.europa.eu/geographical-indications-register/eambrosia-public-api/api/v1/attachments/4107,
PDO-FR-A0377,Alsace Grand Cru Gloeckelberg,Grand Est,Alsace,Grand Cru,NULL,2,0.75,1.5,NULL,https://ec.europa.eu/geographical-indications-register/eambrosia-public-api/api/v1/attachments/4108,
PDO-FR-A0373,Alsace Grand Cru Goldert,Grand Est,Alsace,Grand Cru,NULL,2,0.75,1.5,NULL,https://ec.europa.eu/geographical-indications-register/eambrosia-public-api/api/v1/attachments/4109,
PDO-FR-A0372,Alsace Grand Cru Hatschbourg,Grand Est,Alsace,Grand Cru,NULL,2,0.75,1.5,NULL,https://ec.europa.eu/geographical-indications-register/eambrosia-public-api/api/v1/attachments/4110,
PDO-FR-A0376,Alsace Grand Cru Hengst,Grand Est,Alsace,Grand Cru,NULL,2,0.75,1.5,NULL,https://ec.europa.eu/geographical-indications-register/eambrosia-public-api/api/v1/attachments/4111,
PDO-FR-A0914,Alsace Grand Cru Kaefferkopf,Grand Est,Alsace,Grand Cru,NULL,2,0.75,1.5,NULL,https://ec.europa.eu/geographical-indications-register/eambrosia-public-api/api/v1/attachments/4112,
PDO-FR-A0410,Alsace Grand Cru Kanzlerberg,Grand Est,Alsace,Grand Cru,NULL,2,0.75,1.5,NULL,https://ec.europa.eu/geographical-indications-register/eambrosia-public-api/api/v1/attachments/4113,
PDO-FR-A0419,Alsace Grand Cru Kastelberg,Grand Est,Alsace,Grand Cru,NULL,2,0.75,1.5,NULL,https://ec.europa.eu/geographical-indications-register/eambrosia-public-api/api/v1/attachments/4114,
PDO-FR-A0414,Alsace Grand Cru Kessler,Grand Est,Alsace,Grand Cru,NULL,2,0.75,1.5,NULL,https://ec.europa.eu/geographical-indications-register/eambrosia-public-api/api/v1/attachments/4115,
PDO-FR-A0343,Alsace Grand Cru Kirchberg de Barr,Grand Est,Alsace,Grand Cru,NULL,2,0.75,1.5,NULL,https://ec.europa.eu/geographical-indications-register/eambrosia-public-api/api/v1/attachments/4116,
PDO-FR-A0339,Alsace Grand Cru Kirchberg de Ribeauvillé,Grand Est,Alsace,Grand Cru,NULL,2,0.75,1.5,NULL,https://ec.europa.eu/geographical-indications-register/eambrosia-public-api/api/v1/attachments/4117,
PDO-FR-A0335,Alsace Grand Cru Kitterlé,Grand Est,Alsace,Grand Cru,NULL,2,0.75,1.5,NULL,https://ec.europa.eu/geographical-indications-register/eambrosia-public-api/api/v1/attachments/4118,
PDO-FR-A0411,Alsace Grand Cru Mambourg,Grand Est,Alsace,Grand Cru,NULL,2,0.75,1.5,NULL,https://ec.europa.eu/geographical-indications-register/eambrosia-public-api/api/v1/attachments/4119,
PDO-FR-A0334,Alsace Grand Cru Mandelberg,Grand Est,Alsace,Grand Cru,NULL,2,0.75,1.5,NULL,https://ec.europa.eu/geographical-indications-register/eambrosia-public-api/api/v1/attachments/4120,
PDO-FR-A0333,Alsace Grand Cru Marckrain,Grand Est,Alsace,Grand Cru,NULL,2,0.75,1.5,NULL,https://ec.europa.eu/geographical-indications-register/eambrosia-public-api/api/v1/attachments/4121,
PDO-FR-A0383,Alsace Grand Cru Moenchberg,Grand Est,Alsace,Grand Cru,NULL,2,0.75,1.5,NULL,https://ec.europa.eu/geographical-indications-register/eambrosia-public-api/api/v1/attachments/4122,
PDO-FR-A0417,Alsace Grand Cru Muenchberg,Grand Est,Alsace,Grand Cru,NULL,2,0.75,1.5,NULL,https://ec.europa.eu/geographical-indications-register/eambrosia-public-api/api/v1/attachments/4123,
PDO-FR-A0413,Alsace Grand Cru Ollwiller,Grand Est,Alsace,Grand Cru,NULL,2,0.75,1.5,NULL,https://ec.europa.eu/geographical-indications-register/eambrosia-public-api/api/v1/attachments/4124,
PDO-FR-A0412,Alsace Grand Cru Osterberg,Grand Est,Alsace,Grand Cru,NULL,2,0.75,1.5,NULL,https://ec.europa.eu/geographical-indications-register/eambrosia-public-api/api/v1/attachments/4125,
PDO-FR-A0374,Alsace Grand Cru Pfersigberg,Grand Est,Alsace,Grand Cru,NULL,2,0.75,1.5,NULL,https://ec.europa.eu/geographical-indications-register/eambrosia-public-api/api/v1/attachments/4126,
PDO-FR-A0387,Alsace Grand Cru Pfingstberg,Grand Est,Alsace,Grand Cru,NULL,2,0.75,1.5,NULL,https://ec.europa.eu/geographical-indications-register/eambrosia-public-api/api/v1/attachments/4127,
PDO-FR-A0381,Alsace Grand Cru Praelatenberg,Grand Est,Alsace,Grand Cru,NULL,2,0.75,1.5,NULL,https://ec.europa.eu/geographical-indications-register/eambrosia-public-api/api/v1/attachments/4128,
PDO-FR-A0386,Alsace Grand Cru Rangen,Grand Est,Alsace,Grand Cru,NULL,2,0.75,1.5,NULL,https://ec.europa.eu/geographical-indications-register/eambrosia-public-api/api/v1/attachments/4129,
PDO-FR-A0341,Alsace Grand Cru Rosacker,Grand Est,Alsace,Grand Cru,NULL,2,0.75,1.5,NULL,https://ec.europa.eu/geographical-indications-register/eambrosia-public-api/api/v1/attachments/4130,
PDO-FR-A0375,Alsace Grand Cru Saering,Grand Est,Alsace,Grand Cru,NULL,2,0.75,1.5,NULL,https://ec.europa.eu/geographical-indications-register/eambrosia-public-api/api/v1/attachments/4131,
PDO-FR-A0415,Alsace Grand Cru Schlossberg,Grand Est,Alsace,Grand Cru,NULL,2,0.75,1.5,NULL,https://ec.europa.eu/geographical-indications-register/eambrosia-public-api/api/v1/attachments/4132,
PDO-FR-A0418,Alsace Grand Cru Schoenenbourg,Grand Est,Alsace,Grand Cru,NULL,2,0.75,1.5,NULL,https://ec.europa.eu/geographical-indications-register/eambrosia-public-api/api/v1/attachments/4133,
PDO-FR-A0416,Alsace Grand Cru Sommerberg,Grand Est,Alsace,Grand Cru,NULL,2,0.75,1.5,NULL,https://ec.europa.eu/geographical-indications-register/eambrosia-public-api/api/v1/attachments/4134,
PDO-FR-A0625,Alsace Grand Cru Sonnenglanz,Grand Est,Alsace,Grand Cru,NULL,2,0.75,1.5,NULL,https://ec.europa.eu/geographical-indications-register/eambrosia-public-api/api/v1/attachments/4135,
PDO-FR-A0345,Alsace Grand Cru Spiegel,Grand Est,Alsace,Grand Cru,NULL,2,0.75,1.5,NULL,https://ec.europa.eu/geographical-indications-register/eambrosia-public-api/api/v1/attachments/4136,
PDO-FR-A0628,Alsace Grand Cru Sporen,Grand Est,Alsace,Grand Cru,NULL,2,0.75,1.5,NULL,https://ec.europa.eu/geographical-indications-register/eambrosia-public-api/api/v1/attachments/4137,
PDO-FR-A0344,Alsace Grand Cru Steinert,Grand Est,Alsace,Grand Cru,NULL,2,0.75,1.5,NULL,https://ec.europa.eu/geographical-indications-register/eambrosia-public-api/api/v1/attachments/4138,
PDO-FR-A0630,Alsace Grand Cru Steingrubler,Grand Est,Alsace,Grand Cru,NULL,2,0.75,1.5,NULL,https://ec.europa.eu/geographical-indications-register/eambrosia-public-api/api/v1/attachments/4139,
PDO-FR-A0636,Alsace Grand Cru Steinklotz,Grand Est,Alsace,Grand Cru,NULL,2,0.75,1.5,NULL,https://ec.europa.eu/geographical-indications-register/eambrosia-public-api/api/v1/attachments/4140,
PDO-FR-A0632,Alsace Grand Cru Vorbourg,Grand Est,Alsace,Grand Cru,NULL,2,0.75,1.5,NULL,https://ec.europa.eu/geographical-indications-register/eambrosia-public-api/api/v1/attachments/4141,
PDO-FR-A0638,Alsace Grand Cru Wiebelsberg,Grand Est,Alsace,Grand Cru,NULL,2,0.75,1.5,NULL,https://ec.europa.eu/geographical-indications-register/eambrosia-public-api/api/v1/attachments/4142,
PDO-FR-A0633,Alsace Grand Cru Wineck-Schlossberg,Grand Est,Alsace,Grand Cru,NULL,2,0.75,1.5,NULL,https://ec.europa.eu/geographical-indications-register/eambrosia-public-api/api/v1/attachments/4143,
PDO-FR-A0641,Alsace Grand Cru Winzenberg,Grand Est,Alsace,Grand Cru,NULL,2,0.75,1.5,NULL,https://ec.europa.eu/geographical-indications-register/eambrosia-public-api/api/v1/attachments/4144,
PDO-FR-A0635,Alsace Grand Cru Zinnkoepflé,Grand Est,Alsace,Grand Cru,NULL,2,0.75,1.5,NULL,https://ec.europa.eu/geographical-indications-register/eambrosia-public-api/api/v1/attachments/4145,
PDO-FR-A0916,Alsace Grand Cru Zotzenberg,Grand Est,Alsace,Grand Cru,NULL,2,0.75,1.5,NULL,https://ec.europa.eu/geographical-indications-register/eambrosia-public-api/api/v1/attachments/4146,
PDO-FR-A1101,Alsace/Vin d’Alsace,Grand Est,Alsace,Grand Cru,NULL,2,0.75,1.5,NULL,https://ec.europa.eu/geographical-indications-register/eambrosia-public-api/api/v1/attachments/36757,
PDO-FR-A0917,Crémant d’Alsace,Grand Est,Alsace,Crémant,NULL,2.5,0.75,1.5,NULL,https://ec.europa.eu/geographical-indications-register/eambrosia-public-api/api/v1/attachments/36099,
PDO-FR-A0934,Beaujolais,Auvergne-Rhône-Alpes,Beaujolais,Regional,NULL,2.5,0.8,NULL,NULL,https://ec.europa.eu/geographical-indications-register/eambrosia-public-api/api/v1/attachments/19535,
PDO-FR-A0935,Brouilly,Auvergne-Rhône-Alpes,Beaujolais,Cru,NULL,2.2,0.8,NULL,NULL,https://eur-lex.europa.eu/eli/C/2026/2083/oj,
PDO-FR-A1029,Chénas,Auvergne-Rhône-Alpes,Beaujolais,Cru,NULL,2.1,0.8,NULL,NULL,https://eur-lex.europa.eu/eli/C/2025/2242/oj,
PDO-FR-A0911,Chiroubles,Auvergne-Rhône-Alpes,Beaujolais,Cru,NULL,2.1,0.8,NULL,NULL,https://eur-lex.europa.eu/eli/C/2025/2421/oj,
PDO-FR-A1027,Côte de Brouilly,Auvergne-Rhône-Alpes,Beaujolais,Cru,NULL,2.1,0.8,NULL,NULL,https://eur-lex.europa.eu/eli/C/2026/1937/oj,
PDO-FR-A0930,Fleurie,Auvergne-Rhône-Alpes,Beaujolais,Cru,NULL,2.1,0.8,NULL,NULL,https://eur-lex.europa.eu/eli/C/2026/1644/oj,
PDO-FR-A1025,Juliénas,Auvergne-Rhône-Alpes,Beaujolais,Cru,NULL,2.1,0.8,NULL,NULL,https://eur-lex.europa.eu/eli/C/2025/2420/oj,
PDO-FR-A1024,Morgon,Auvergne-Rhône-Alpes,Beaujolais,Cru,NULL,2.1,0.8,NULL,NULL,https://eur-lex.europa.eu/eli/C/2025/1999/oj,
PDO-FR-A0933,Moulin-À-Vent,Auvergne-Rhône-Alpes,Beaujolais,Cru,NULL,2.1,0.8,NULL,NULL,https://eur-lex.europa.eu/legal-content/EN/TXT/?uri=uriserv%3AOJ.C_.2021.087.01.0027.01.ENG&toc=OJ%3AC%3A2021%3A087%3ATOC,
PDO-FR-A0912,Régnié,Auvergne-Rhône-Alpes,Beaujolais,Cru,NULL,2.1,0.8,NULL,NULL,https://eur-lex.europa.eu/eli/C/2025/1956/oj,
PDO-FR-A1028,Saint-Amour,Auvergne-Rhône-Alpes,Beaujolais,Cru,NULL,2.1,0.8,NULL,NULL,https://eur-lex.europa.eu/eli/C/2025/1841/oj,
PDO-FR-A0186,Barsac,Nouvelle-Aquitaine,Bordeaux,Communal,NULL,1.9,0.8,NULL,NULL,https://eur-lex.europa.eu/legal-content/EN/TXT/?uri=uriserv%3AOJ.C_.2021.520.01.0012.01.ENG&toc=OJ%3AC%3A2021%3A520%3ATOC,
PDO-FR-A0712,Blaye,Nouvelle-Aquitaine,Bordeaux,Sub-regional,NULL,2,NULL,NULL,1.67,https://eur-lex.europa.eu/eli/C/2025/2024/oj,
PDO-FR-A0821,Bordeaux,Nouvelle-Aquitaine,Bordeaux,Regional,NULL,2.5,0.8,NULL,NULL,https://eur-lex.europa.eu/eli/C/2026/2122/oj,
PDO-FR-A0306,Bordeaux Supérieur,Nouvelle-Aquitaine,Bordeaux,Regional Supérieur,NULL,2.2,0.85,NULL,NULL,https://ec.europa.eu/geographical-indications-register/eambrosia-public-api/api/v1/attachments/51127,"This density may be reduced to 3,300 vines per hectare. In this case, the spacing between rows must not exceed 3 meters, and the spacing between vines within a row must not exceed 0.85 meters.…"
PDO-FR-A0828,Bourg/Côtes de Bourg/Bourgeais,Nouvelle-Aquitaine,Bordeaux,Sub-regional,NULL,2,0.8,NULL,NULL,https://eur-lex.europa.eu/legal-content/EN/TXT/?uri=OJ:C_202301383,
PDO-FR-A0686,Cadillac,Nouvelle-Aquitaine,Bordeaux,Sub-regional Sweet,NULL,2.5,0.8,NULL,NULL,47799,min planting density 4500/hectare
PDO-FR-A0924,Canon Fronsac,Nouvelle-Aquitaine,Bordeaux,Sub-regional,NULL,2,0.8,NULL,NULL,EUR-Lex - 52025XC03644 - EN - EUR-Lex,min planting density 5000/hectare
PDO-FR-A0668,Cérons,Nouvelle-Aquitaine,Bordeaux,Sub-regional Sweet,NULL,2,0.85,NULL,NULL,EUR-Lex - 52021XC0714(01) - EN - EUR-Lex,min planting density 5000/hectare
PDO-FR-A0271,Côtes de Blaye,Nouvelle-Aquitaine,Bordeaux,Sub-regional,NULL,2.5,0.85,NULL,NULL,47802,min planting density 4500/hectare
PDO-FR-A0987,Côtes de Bordeaux,Nouvelle-Aquitaine,Bordeaux,Sub-regional,NULL,2.5,0.85,NULL,NULL,47769,min planting density 4500/hectare
PDO-FR-A0707,Côtes de Bordeaux-Saint-Macaire,Nouvelle-Aquitaine,Bordeaux,Sub-regional,NULL,2.5,0.85,NULL,NULL,47763,min planting density 4500/hectare
PDO-FR-A0488,Crémant de Bordeaux,Nouvelle-Aquitaine,Bordeaux,Crémant,NULL,2.5,0.85,NULL,NULL,EUR-Lex - 52019XC0709(01) - EN - EUR-Lex,min planting density 4000/hectare
PDO-FR-A0406,Entre-Deux-Mers,Nouvelle-Aquitaine,Bordeaux,Sub-regional,NULL,2.5,0.85,NULL,NULL,33458,min planting density 4500/hectare
PDO-FR-A1103,Fronsac,Nouvelle-Aquitaine,Bordeaux,Sub-regional,NULL,2,0.8,NULL,NULL,EUR-Lex - 52025XC03569 - EN - EUR-Lex,min planting density 5000/hectare
PDO-FR-A1012,Graves,Nouvelle-Aquitaine,Bordeaux,Sub-regional,NULL,2,0.8,NULL,NULL,Implementing decision - 4 December 2017 - EN - EUR-Lex,min planting density 5000/hectare
PDO-FR-A0927,Graves de Vayres,Nouvelle-Aquitaine,Bordeaux,Sub-regional,NULL,2.5,0.85,NULL,NULL,33446,min planting density 4500/hectare
PDO-FR-A1014,Graves Supérieures,Nouvelle-Aquitaine,Bordeaux,Sub-regional Sweet,NULL,2.5,0.8,1.25,NULL,https://eur-lex.europa.eu/legal-content/EN/TXT/?uri=uriserv%3AOJ.C_.2023.049.01.0020.01.ENG&toc=OJ%3AC%3A2023%3A049%3ATOC,min planting density 4000/hectare
PDO-FR-A0710,Haut-Médoc,Nouvelle-Aquitaine,Bordeaux,Sub-regional,NULL,1.8,0.8,NULL,NULL,EUR-Lex - 52019XC0729(02) - EN - EUR-Lex,min planting density 6500/hectare
PDO-FR-A0171,Lalande-de-Pomerol,Nouvelle-Aquitaine,Bordeaux,Sub-regional,NULL,2,0.8,NULL,NULL,21286,min planting density 5500/hectare
PDO-FR-A0276,Listrac-Médoc,Nouvelle-Aquitaine,Bordeaux,Communal,NULL,1.5,0.8,NULL,NULL,22417,min planting density 7000/hectare
PDO-FR-A0170,Loupiac,Nouvelle-Aquitaine,Bordeaux,Sub-regional Sweet,NULL,2,1,NULL,NULL,35721,min planting density 5000/hectare; spacing also depends on slope
PDO-FR-A1200,Lussac Saint-Emilion,Nouvelle-Aquitaine,Bordeaux,Sub-regional,NULL,2,0.5,NULL,NULL,47793,min planting density 5500/hectare
PDO-FR-A0329,Margaux,Nouvelle-Aquitaine,Bordeaux,Communal,NULL,1.5,NULL,NULL,1.43,https://eur-lex.europa.eu/legal-content/EN/TXT/?uri=uriserv%3AOJ.C_.2023.254.01.0017.01.ENG&toc=OJ%3AC%3A2023%3A254%3ATOC,
PDO-FR-A0730,Médoc,Nouvelle-Aquitaine,Bordeaux,Sub-regional,NULL,2,0.8,NULL,NULL,https://eur-lex.europa.eu/legal-content/EN/TXT/?uri=uriserv%3AOJ.C_.2022.088.01.0101.01.ENG&toc=OJ%3AC%3A2022%3A088%3ATOC,
PDO-FR-A0990,Montagne-Saint-Emilion,Nouvelle-Aquitaine,Bordeaux,Sub-regional,NULL,2,1,NULL,NULL,https://ec.europa.eu/geographical-indications-register/eambrosia-public-api/api/v1/attachments/35782,
PDO-FR-A0731,Moulis/Moulis-en-Médoc,Nouvelle-Aquitaine,Bordeaux,Communal,NULL,1.5,0.8,NULL,NULL,https://eur-lex.europa.eu/legal-content/EN/TXT/?uri=uriserv%3AOJ.C_.2021.284.01.0029.01.ENG&toc=OJ%3AC%3A2021%3A284%3ATOC,
PDO-FR-A0713,Pauillac,Nouvelle-Aquitaine,Bordeaux,Communal,NULL,1.5,0.8,NULL,NULL,https://eur-lex.europa.eu/legal-content/EN/TXT/?qid=1574417662083&uri=CELEX:52019XC1031(03),
PDO-FR-A0162,Pessac-Léognan,Nouvelle-Aquitaine,Bordeaux,Sub-regional,NULL,1.6,0.8,NULL,NULL,https://eur-lex.europa.eu/legal-content/EN/TXT/?uri=uriserv%3AOJ.C_.2021.284.01.0036.01.ENG&toc=OJ%3AC%3A2021%3A284%3ATOC,
PDO-FR-A0273,Pomerol,Nouvelle-Aquitaine,Bordeaux,Communal,NULL,2,0.8,NULL,NULL,https://eur-lex.europa.eu/legal-content/EN/TXT/?uri=uriserv%3AOJ.C_.2021.520.01.0023.01.ENG&toc=OJ%3AC%3A2021%3A520%3ATOC,
PDO-FR-A0274,Premières Côtes de Bordeaux,Nouvelle-Aquitaine,Bordeaux,Sub-regional Sweet,NULL,2.5,0.8,NULL,NULL,https://ec.europa.eu/geographical-indications-register/eambrosia-public-api/api/v1/attachments/47772,
PDO-FR-A0992,Puisseguin Saint-Emilion,Nouvelle-Aquitaine,Bordeaux,Sub-regional,NULL,2,0.5,NULL,NULL,https://eur-lex.europa.eu/eli/C/2025/1385/oj,
PDO-FR-A0714,Sainte-Croix-du-Mont,Nouvelle-Aquitaine,Bordeaux,Sub-regional Sweet,NULL,2.2,0.5,NULL,NULL,https://ec.europa.eu/geographical-indications-register/eambrosia-public-api/api/v1/attachments/25403,
PDO-FR-A0407,Sainte-Foy-Bordeaux,Nouvelle-Aquitaine,Bordeaux,Sub-regional,NULL,2.5,0.5,NULL,NULL,https://ec.europa.eu/geographical-indications-register/eambrosia-public-api/api/v1/attachments/32246,
PDO-FR-A0988,Saint-Emilion,Nouvelle-Aquitaine,Bordeaux,Sub-regional,NULL,2,0.5,NULL,NULL,https://ec.europa.eu/geographical-indications-register/eambrosia-public-api/api/v1/attachments/47784,
PDO-FR-A0993,Saint-Emilion Grand Cru,Nouvelle-Aquitaine,Bordeaux,Sub-regional Cru,NULL,2,0.5,NULL,NULL,https://ec.europa.eu/geographical-indications-register/eambrosia-public-api/api/v1/attachments/47790,
PDO-FR-A0178,Saint-Estèphe,Nouvelle-Aquitaine,Bordeaux,Communal,NULL,1.5,0.8,NULL,NULL,https://eur-lex.europa.eu/legal-content/EN/TXT/?uri=uriserv%3AOJ.C_.2022.088.01.0065.01.ENG&toc=OJ%3AC%3A2022%3A088%3ATOC,
PDO-FR-A0991,Saint-Georges-Saint-Emilion,Nouvelle-Aquitaine,Bordeaux,Sub-regional,NULL,2,0.5,NULL,NULL,https://ec.europa.eu/geographical-indications-register/eambrosia-public-api/api/v1/attachments/11606,
PDO-FR-A0500,Saint-Julien,Nouvelle-Aquitaine,Bordeaux,Communal,NULL,1.5,0.8,NULL,NULL,https://ec.europa.eu/geographical-indications-register/eambrosia-public-api/api/v1/attachments/10324,
PDO-FR-A0819,Sauternes,Nouvelle-Aquitaine,Bordeaux,Sub-regional Sweet,NULL,1.9,0.8,NULL,NULL,https://eur-lex.europa.eu/legal-content/EN/TXT/?uri=uriserv%3AOJ.C_.2021.520.01.0027.01.ENG&toc=OJ%3AC%3A2021%3A520%3ATOC,
PDO-FR-A0932,Aloxe-Corton,Bourgogne-Franche-Comté,Burgundy,Communal,NULL,1.25,0.5,NULL,NULL,https://ec.europa.eu/geographical-indications-register/eambrosia-public-api/api/v1/attachments/11573,
PDO-FR-A0647,Auxey-Duresses,Bourgogne-Franche-Comté,Burgundy,Communal,NULL,1.25,0.5,NULL,NULL,https://ec.europa.eu/geographical-indications-register/eambrosia-public-api/api/v1/attachments/11574,
PDO-FR-A0571,Bâtard-Montrachet,Bourgogne-Franche-Comté,Burgundy,Grand Cru,NULL,1.25,0.5,NULL,NULL,https://ec.europa.eu/geographical-indications-register/eambrosia-public-api/api/v1/attachments/11574,
PDO-FR-A1022,Beaune,Bourgogne-Franche-Comté,Burgundy,Communal,NULL,1.25,0.5,NULL,NULL,https://ec.europa.eu/geographical-indications-register/eambrosia-public-api/api/v1/attachments/10314,
PDO-FR-A0657,Bienvenues-Bâtard-Montrachet,Bourgogne-Franche-Comté,Burgundy,Grand Cru,NULL,1.25,0.5,NULL,NULL,https://ec.europa.eu/geographical-indications-register/eambrosia-public-api/api/v1/attachments/11328,
PDO-FR-A1023,Blagny,Bourgogne-Franche-Comté,Burgundy,Communal,NULL,1.25,0.5,NULL,NULL,https://ec.europa.eu/geographical-indications-register/eambrosia-public-api/api/v1/attachments/11594,
PDO-FR-A0490,Bonnes-Mares,Bourgogne-Franche-Comté,Burgundy,Grand Cru,NULL,1.25,0.5,NULL,NULL,https://ec.europa.eu/geographical-indications-register/eambrosia-public-api/api/v1/attachments/10688,
PDO-FR-A0650,Bourgogne,Bourgogne-Franche-Comté,Burgundy,Regional,NULL,2.2,0.5,NULL,NULL,https://eur-lex.europa.eu/eli/C/2024/2984/oj,"Where the planting density is 8 000 plants per hectare or lower, the spacing between the plants in the same row is at least 0,8 metres;"
PDO-FR-A0739,Bourgogne Aligoté,Bourgogne-Franche-Comté,Burgundy,Regional,NULL,2.2,0.5,NULL,NULL,https://ec.europa.eu/geographical-indications-register/eambrosia-public-api/api/v1/attachments/10811,"Where the planting density is 8 000 plants per hectare or lower, the spacing between the plants in the same row is at least 0,8 metres;"
PDO-FR-A0737,Bourgogne Mousseux,Bourgogne-Franche-Comté,Burgundy,Regional Sparkling,NULL,2.5,0.8,NULL,NULL,https://ec.europa.eu/geographical-indications-register/eambrosia-public-api/api/v1/attachments/11349,Many conditions
PDO-FR-A0738,Bourgogne Passe-Tout-Grains,Bourgogne-Franche-Comté,Burgundy,Regional,NULL,2.2,0.5,NULL,NULL,https://ec.europa.eu/geographical-indications-register/eambrosia-public-api/api/v1/attachments/10810,Many conditions
PDO-FR-A0576,Bouzeron,Bourgogne-Franche-Comté,Burgundy,Communal,NULL,1.4,0.8,NULL,NULL,https://ec.europa.eu/geographical-indications-register/eambrosia-public-api/api/v1/attachments/10362,
PDO-FR-A0736,Chablis,Bourgogne-Franche-Comté,Burgundy,Communal,NULL,2,0.8,NULL,NULL,https://eur-lex.europa.eu/eli/C/2025/2447/oj,"verage spacing between rows of 1,20 metres or less, except where vines are planted on slopes with a gradient of 40 % or over, in which case the spacing is 1,60 metres or less"
PDO-FR-A0505,Chablis Grand Cru,Bourgogne-Franche-Comté,Burgundy,Grand Cru,NULL,1.6,0.8,NULL,NULL,https://ec.europa.eu/geographical-indications-register/eambrosia-public-api/api/v1/attachments/10733,"The vines have a minimum planting density of 5500 vines per hectare, with a spacing between rows of 1.20 meters or less, except for vines planted on slopes of 40% or greater, for which this spacing is 1.60 meters or less."
PDO-FR-A0313,Chambertin,Bourgogne-Franche-Comté,Burgundy,Grand Cru,NULL,1.25,0.5,NULL,NULL,https://ec.europa.eu/geographical-indications-register/eambrosia-public-api/api/v1/attachments/11597,
PDO-FR-A0311,Chambertin-Clos de Bèze,Bourgogne-Franche-Comté,Burgundy,Grand Cru,NULL,1.25,0.5,NULL,NULL,https://ec.europa.eu/geographical-indications-register/eambrosia-public-api/api/v1/attachments/10817,
PDO-FR-A1016,Chambolle-Musigny,Bourgogne-Franche-Comté,Burgundy,Communal,NULL,1.25,0.5,NULL,NULL,https://ec.europa.eu/geographical-indications-register/eambrosia-public-api/api/v1/attachments/10724,
PDO-FR-A0316,Chapelle-Chambertin,Bourgogne-Franche-Comté,Burgundy,Grand Cru,NULL,1.25,0.5,NULL,NULL,https://ec.europa.eu/geographical-indications-register/eambrosia-public-api/api/v1/attachments/10734,
PDO-FR-A0492,Charlemagne,Bourgogne-Franche-Comté,Burgundy,Grand Cru,NULL,1.25,0.5,NULL,NULL,https://ec.europa.eu/geographical-indications-register/eambrosia-public-api/api/v1/attachments/10743,
PDO-FR-A0560,Charmes-Chambertin,Bourgogne-Franche-Comté,Burgundy,Grand Cru,NULL,1.25,0.5,NULL,NULL,https://ec.europa.eu/geographical-indications-register/eambrosia-public-api/api/v1/attachments/10776,
PDO-FR-A1021,Chassagne-Montrachet,Bourgogne-Franche-Comté,Burgundy,Communal,NULL,1.25,0.5,NULL,NULL,https://ec.europa.eu/geographical-indications-register/eambrosia-public-api/api/v1/attachments/11332,
PDO-FR-A0573,Chevalier-Montrachet,Bourgogne-Franche-Comté,Burgundy,Grand Cru,NULL,1.25,0.5,NULL,NULL,https://ec.europa.eu/geographical-indications-register/eambrosia-public-api/api/v1/attachments/11140,
PDO-FR-A0659,Chorey-Lès-Beaune,Bourgogne-Franche-Comté,Burgundy,Communal,NULL,1.25,0.5,NULL,NULL,https://ec.europa.eu/geographical-indications-register/eambrosia-public-api/api/v1/attachments/10463,
PDO-FR-A0580,Clos de la Roche,Bourgogne-Franche-Comté,Burgundy,Grand Cru,NULL,1.25,0.5,NULL,1.5,https://ec.europa.eu/geographical-indications-register/eambrosia-public-api/api/v1/attachments/10634,
PDO-FR-A0491,Clos de Tart,Bourgogne-Franche-Comté,Burgundy,Grand Cru Monopole,NULL,1.25,0.5,NULL,NULL,https://ec.europa.eu/geographical-indications-register/eambrosia-public-api/api/v1/attachments/10744,
PDO-FR-A0310,Clos de Vougeot/Clos Vougeot,Bourgogne-Franche-Comté,Burgundy,Grand Cru,NULL,1.25,0.5,NULL,NULL,https://ec.europa.eu/geographical-indications-register/eambrosia-public-api/api/v1/attachments/10772,
PDO-FR-A0324,Clos des Lambrays,Bourgogne-Franche-Comté,Burgundy,Grand Cru,NULL,1.25,0.5,NULL,NULL,https://ec.europa.eu/geographical-indications-register/eambrosia-public-api/api/v1/attachments/10565,
PDO-FR-A0323,Clos Saint-Denis,Bourgogne-Franche-Comté,Burgundy,Grand Cru,NULL,1.25,0.5,NULL,NULL,https://ec.europa.eu/geographical-indications-register/eambrosia-public-api/api/v1/attachments/10687,
PDO-FR-A0319,Corton,Bourgogne-Franche-Comté,Burgundy,Grand Cru,NULL,1.25,0.5,NULL,NULL,https://ec.europa.eu/geographical-indications-register/eambrosia-public-api/api/v1/attachments/10742,
PDO-FR-A0307,Corton-Charlemagne,Bourgogne-Franche-Comté,Burgundy,Grand Cru,NULL,1.25,0.5,NULL,NULL,https://ec.europa.eu/geographical-indications-register/eambrosia-public-api/api/v1/attachments/10678,
PDO-FR-A0592,Côte de Beaune,Bourgogne-Franche-Comté,Burgundy,Sub-regional,NULL,1.25,0.5,NULL,NULL,https://ec.europa.eu/geographical-indications-register/eambrosia-public-api/api/v1/attachments/10717,
PDO-FR-A0401,Côte de Beaune-Villages,Bourgogne-Franche-Comté,Burgundy,Sub-regional,NULL,1.25,0.5,NULL,NULL,https://ec.europa.eu/geographical-indications-register/eambrosia-public-api/api/v1/attachments/10412,
PDO-FR-A0409,Côte de Nuits-Villages/Vins Fins de la Côte de Nuits,Bourgogne-Franche-Comté,Burgundy,Sub-regional,NULL,1.25,0.5,NULL,NULL,https://ec.europa.eu/geographical-indications-register/eambrosia-public-api/api/v1/attachments/11592,
PDO-FR-A0931,Coteaux Bourguignons/Bourgogne Grand Ordinaire/Bourgogne Ordinaire,Bourgogne-Franche-Comté,Burgundy,Regional,NULL,2.5,0.5,NULL,NULL,https://www.google.com/search?q=-translate%3A+Les+vignes+pr%C3%A9sentent+une+densit%C3%A9+minimale+%C3%A0+la+plantation+de+5000+pieds+par+hectare%2C+avec+un+%C3%A9cartement%2C+entre+les+rangs%2C+inf%C3%A9rieur+ou+%C3%A9gal+%C3%A0+2%2C50+m%C3%A8tre+%3B+-+Dans+le+vignoble+d%C3%A9limit%C3%A9+de+l%E2%80%99appellation+d%E2%80%99origine+contr%C3%B4l%C3%A9e+%C2%AB+Bourgogne+%C2%BB+suivie+des+d%C3%A9nominations+g%C3%A9ographiques+compl%C3%A9mentaires+%C2%AB+Hautes+C%C3%B4tes+de+Beaune+%C2%BB+et+%C2%AB+Hautes+C%C3%B4tes+de+Nuits+%C2%BB%2C+les+vignes+pr%C3%A9sentent+une+densit%C3%A9+minimale+%C3%A0+la+plantation+de+4000+pieds+par+hectare%2C+avec+un+%C3%A9cartement%2C+entre+les+rangs%2C+inf%C3%A9rieur+ou+%C3%A9gal+%C3%A0+3+m%C3%A8tres.+-+Lorsque+la+densit%C3%A9+%C3%A0+la+plantation+est+sup%C3%A9rieure+%C3%A0+8000+pieds+par+hectare%2C+les+vignes+pr%C3%A9sentent+un+%C3%A9cartement%2C+entre+les+pieds+sur+un+m%C3%AAme+rang%2C+sup%C3%A9rieur+ou+%C3%A9gal+%C3%A0+0%2C50+m%C3%A8tre+%3B+-+Lorsque+la+densit%C3%A9+%C3%A0+la+plantation+est+inf%C3%A9rieure+ou+%C3%A9gale+%C3%A0+8000+pieds+par+hectare%2C+les+vignes+pr%C3%A9sentent+un+%C3%A9cartement%2C+entre+les+pieds+sur+un+m%C3%AAme+rang%2C+sup%C3%A9rieur+ou+%C3%A9gal+%C3%A0+0%2C80+m%C3%A8tre.+-+Les+vignes+plant%C3%A9es+en+foule+pr%C3%A9sentent+une+densit%C3%A9+minimale+%C3%A0+la+plantation+de+FICHE+TECHNIQUE+4+%2F16+Num%C3%A9ro+de+dossier%3A+PDO-FR-A0931+9000+pieds+par+hectare+et+un+%C3%A9cartement%2C+entre+les+pieds%2C+sup%C3%A9rieur+%C3%A0+0%2C50+m%C3%A8tre.+-+Les+vignes+conduites+suivant+le+mode+de+conduite+dit+%C2%AB+en+lyre+%C2%BB+pr%C3%A9sentent+une+densit%C3%A9+minimale+%C3%A0+la+plantation+de+3000+pieds+par+hectare%2C+avec+un+%C3%A9cartement%2C+entre+les+rangs%2C+inf%C3%A9rieur+%C3%A0+3%2C50+m%C3%A8tres+et+un+%C3%A9cartement%2C+entre+les+pieds+sur+un+m%C3%AAme+rang%2C+compris+entre+0%2C80+m%C3%A8tre+et+1+m%C3%A8tre.&sca_esv=23368486d762886d&biw=669&bih=653&sxsrf=ANbL-n5uzU96fI0LhNXMiERBAIQ43C3C-w%3A1776716313431&ei=GYrmaff8GfChur8Pu7GaoQs&ved=0ahUKEwi37emFoP2TAxXwkO4BHbuYJrQQ4dUDCBE&uact=5&oq=-translate%3A+Les+vignes+pr%C3%A9sentent+une+densit%C3%A9+minimale+%C3%A0+la+plantation+de+5000+pieds+par+hectare%2C+avec+un+%C3%A9cartement%2C+entre+les+rangs%2C+inf%C3%A9rieur+ou+%C3%A9gal+%C3%A0+2%2C50+m%C3%A8tre+%3B+-+Dans+le+vignoble+d%C3%A9limit%C3%A9+de+l%E2%80%99appellation+d%E2%80%99origine+contr%C3%B4l%C3%A9e+%C2%AB+Bourgogne+%C2%BB+suivie+des+d%C3%A9nominations+g%C3%A9ographiques+compl%C3%A9mentaires+%C2%AB+Hautes+C%C3%B4tes+de+Beaune+%C2%BB+et+%C2%AB+Hautes+C%C3%B4tes+de+Nuits+%C2%BB%2C+les+vignes+pr%C3%A9sentent+une+densit%C3%A9+minimale+%C3%A0+la+plantation+de+4000+pieds+par+hectare%2C+avec+un+%C3%A9cartement%2C+entre+les+rangs%2C+inf%C3%A9rieur+ou+%C3%A9gal+%C3%A0+3+m%C3%A8tres.+-+Lorsque+la+densit%C3%A9+%C3%A0+la+plantation+est+sup%C3%A9rieure+%C3%A0+8000+pieds+par+hectare%2C+les+vignes+pr%C3%A9sentent+un+%C3%A9cartement%2C+entre+les+pieds+sur+un+m%C3%AAme+rang%2C+sup%C3%A9rieur+ou+%C3%A9gal+%C3%A0+0%2C50+m%C3%A8tre+%3B+-+Lorsque+la+densit%C3%A9+%C3%A0+la+plantation+est+inf%C3%A9rieure+ou+%C3%A9gale+%C3%A0+8000+pieds+par+hectare%2C+les+vignes+pr%C3%A9sentent+un+%C3%A9cartement%2C+entre+les+pieds+sur+un+m%C3%AAme+rang%2C+sup%C3%A9rieur+ou+%C3%A9gal+%C3%A0+0%2C80+m%C3%A8tre.+-+Les+vignes+plant%C3%A9es+en+foule+pr%C3%A9sentent+une+densit%C3%A9+minimale+%C3%A0+la+plantation+de+FICHE+TECHNIQUE+4+%2F16+Num%C3%A9ro+de+dossier%3A+PDO-FR-A0931+9000+pieds+par+hectare+et+un+%C3%A9cartement%2C+entre+les+pieds%2C+sup%C3%A9rieur+%C3%A0+0%2C50+m%C3%A8tre.+-+Les+vignes+conduites+suivant+le+mode+de+conduite+dit+%C2%AB+en+lyre+%C2%BB+pr%C3%A9sentent+une+densit%C3%A9+minimale+%C3%A0+la+plantation+de+3000+pieds+par+hectare%2C+avec+un+%C3%A9cartement%2C+entre+les+rangs%2C+inf%C3%A9rieur+%C3%A0+3%2C50+m%C3%A8tres+et+un+%C3%A9cartement%2C+entre+les+pieds+sur+un+m%C3%AAme+rang%2C+compris+entre+0%2C80+m%C3%A8tre+et+1+m%C3%A8tre.&gs_lp=Egxnd3Mtd2l6LXNlcnAiwQstdHJhbnNsYXRlOiBMZXMgdmlnbmVzIHByw6lzZW50ZW50IHVuZSBkZW5zaXTDqSBtaW5pbWFsZSDDoCBsYSBwbGFudGF0aW9uIGRlIDUwMDAgcGllZHMgcGFyIGhlY3RhcmUsIGF2ZWMgdW4gw6ljYXJ0ZW1lbnQsIGVudHJlIGxlcyByYW5ncywgaW5mw6lyaWV1ciBvdSDDqWdhbCDDoCAyLDUwIG3DqHRyZSA7IC0gRGFucyBsZSB2aWdub2JsZSBkw6lsaW1pdMOpIGRlIGzigJlhcHBlbGxhdGlvbiBk4oCZb3JpZ2luZSBjb250csO0bMOpZSDCqyBCb3VyZ29nbmUgwrsgc3VpdmllIGRlcyBkw6lub21pbmF0aW9ucyBnw6lvZ3JhcGhpcXVlcyBjb21wbMOpbWVudGFpcmVzIMKrIEhhdXRlcyBDw7R0ZXMgZGUgQmVhdW5lIMK7IGV0IMKrIEhhdXRlcyBDw7R0ZXMgZGUgTnVpdHMgwrssIGxlcyB2aWduZXMgcHLDqXNlbnRlbnQgdW5lIGRlbnNpdMOpIG1pbmltYWxlIMOgIGxhIHBsYW50YXRpb24gZGUgNDAwMCBwaWVkcyBwYXIgaGVjdGFyZSwgYXZlYyB1biDDqWNhcnRlbWVudCwgZW50cmUgbGVzIHJhbmdzLCBpbmbDqXJpZXVyIG91IMOpZ2FsIMOgIDMgbcOodHJlcy4gLSBMb3JzcXVlIGxhIGRlbnNpdMOpIMOgIGxhIHBsYW50YXRpb24gZXN0IHN1cMOpcmlldXJlIMOgIDgwMDAgcGllZHMgcGFyIGhlY3RhcmUsIGxlcyB2aWduZXMgcHLDqXNlbnRlbnQgdW4gw6ljYXJ0ZW1lbnQsIGVudHJlIGxlcyBwaWVkcyBzdXIgdW4gbcOqbWUgcmFuZywgc3Vww6lyaWV1ciBvdSDDqWdhbCDDoCAwLDUwIG3DqHRyZSA7IC0gTG9yc3F1ZSBsYSBkZW5zaXTDqSDDoCBsYSBwbGFudGF0aW9uIGVzdCBpbmbDqXJpZXVyZSBvdSDDqWdhbGUgw6AgODAwMCBwaWVkcyBwYXIgaGVjdGFyZSwgbGVzIHZpZ25lcyBwcsOpc2VudGVudCB1biDDqWNhcnRlbWVudCwgZW50cmUgbGVzIHBpZWRzIHN1ciB1biBtw6ptZSByYW5nLCBzdXDDqXJpZXVyIG91IMOpZ2FsIMOgIDAsODAgbcOodHJlLiAtIExlcyB2aWduZXMgcGxhbnTDqWVzIGVuIGZvdWxlIHByw6lzZW50ZW50IHVuZSBkZW5zaXTDqSBtaW5pbWFsZSDDoCBsYSBwbGFudGF0aW9uIGRlIEZJQ0hFIFRFQ0hOSVFVRSA0IC8xNiBOdW3DqXJvIGRlIGRvc3NpZXI6IFBETy1GUi1BMDkzMSA5MDAwIHBpZWRzIHBhciBoZWN0YXJlIGV0IHVuIMOpY2FydGVtZW50LCBlbnRyZSBsZXMgcGllZHMsIHN1cMOpcmlldXIgw6AgMCw1MCBtw6h0cmUuIC0gTGVzIHZpZ25lcyBjb25kdWl0ZXMgc3VpdmFudCBsZSBtb2RlIGRlIGNvbmR1aXRlIGRpdCDCqyBlbiBseXJlIMK7IHByw6lzZW50ZW50IHVuZSBkZW5zaXTDqSBtaW5pbWFsZSDDoCBsYSBwbGFudGF0aW9uIGRlIDMwMDAgcGllZHMgcGFyIGhlY3RhcmUsIGF2ZWMgdW4gw6ljYXJ0ZW1lbnQsIGVudHJlIGxlcyByYW5ncywgaW5mw6lyaWV1ciDDoCAzLDUwIG3DqHRyZXMgZXQgdW4gw6ljYXJ0ZW1lbnQsIGVudHJlIGxlcyBwaWVkcyBzdXIgdW4gbcOqbWUgcmFuZywgY29tcHJpcyBlbnRyZSAwLDgwIG3DqHRyZSBldCAxIG3DqHRyZS5IAFAAWABwAHgAkAEAmAEAoAEAqgEAuAEDyAEA-AEBmAIAoAIAmAMAkgcAoAcAsgcAuAcAwgcAyAcAgAgB&sclient=gws-wiz-serp,"Vineyards must have a minimum planting density of 5,000 vines/ha with ≤2.5m row spacing (4,000 vines/ha and ≤3m for Hautes Côtes), with in-row spacing ≥0.50m (if >8000 vines/ha) or ≥0.80m (if ≤8000 vines/ha), 9000 vines/ha (>0.50m spacing) for ""en foule"" planting, and 3000 vines/ha (<3.5m row spacing, 0.8-1m in-row) for lyre-trained vines."
PDO-FR-A0676,Crémant de Bourgogne,Bourgogne-Franche-Comté,Burgundy,Crémant,NULL,2.5,0.5,NULL,NULL,https://eur-lex.europa.eu/legal-content/FR/TXT/?uri=uriserv:OJ.C_.2019.248.01.0019.01.FRA&toc=OJ:C:2019:248:TOC,"Vineyards must have a minimum planting density of 5,000 vines/ha with ≤2.5m row spacing (4,000 vines/ha and ≤3m for Hautes Côtes), with in-row spacing ≥0.50m (if >8000 vines/ha) or ≥0.80m (if ≤8000 vines/ha), 9000 vines/ha (>0.50m spacing) for ""en foule"" planting, and 3000 vines/ha (<3.5m row spacing, 0.8-1m in-row) for lyre-trained vines."
PDO-FR-A0574,Criots-Bâtard-Montrachet,Bourgogne-Franche-Comté,Burgundy,Grand Cru,NULL,1.25,0.5,NULL,NULL,https://ec.europa.eu/geographical-indications-register/eambrosia-public-api/api/v1/attachments/11588,
PDO-FR-A0321,Echezeaux,Bourgogne-Franche-Comté,Burgundy,Grand Cru,NULL,1.25,0.5,NULL,NULL,https://ec.europa.eu/geographical-indications-register/eambrosia-public-api/api/v1/attachments/10818,
PDO-FR-A0642,Fixin,Bourgogne-Franche-Comté,Burgundy,Communal,NULL,1.25,0.5,NULL,NULL,https://eur-lex.europa.eu/eli/C/2026/1650/oj,
PDO-FR-A0168,Gevrey-Chambertin,Bourgogne-Franche-Comté,Burgundy,Communal,NULL,1.25,0.5,NULL,NULL,https://ec.europa.eu/geographical-indications-register/eambrosia-public-api/api/v1/attachments/10492,
PDO-FR-A0578,Givry,Bourgogne-Franche-Comté,Burgundy,Communal,NULL,1.4,0.8,NULL,NULL,https://ec.europa.eu/geographical-indications-register/eambrosia-public-api/api/v1/attachments/10498,"Vines may be planted in 'en foule' (randomly/crowded) provided the minimum planting density is respected, and the spacing between vines is greater than 0.50 meters"
PDO-FR-A0583,Grands-Echezeaux,Bourgogne-Franche-Comté,Burgundy,Grand Cru,NULL,1.25,0.5,NULL,NULL,https://ec.europa.eu/geographical-indications-register/eambrosia-public-api/api/v1/attachments/19639,
PDO-FR-A0562,Griotte-Chambertin,Bourgogne-Franche-Comté,Burgundy,Grand Cru,NULL,1.25,0.5,NULL,NULL,https://ec.europa.eu/geographical-indications-register/eambrosia-public-api/api/v1/attachments/10739,
PDO-FR-A0591,Irancy,Bourgogne-Franche-Comté,Burgundy,Communal,NULL,1.4,0.8,NULL,NULL,https://ec.europa.eu/geographical-indications-register/eambrosia-public-api/api/v1/attachments/10712,"Vines may be planted in 'en foule' (randomly/crowded) provided the minimum planting density is respected, and the spacing between vines is greater than 0.50 meters"
PDO-FR-A0581,La Grande Rue,Bourgogne-Franche-Comté,Burgundy,Grand Cru Monopole,NULL,1.25,0.5,NULL,NULL,https://ec.europa.eu/geographical-indications-register/eambrosia-public-api/api/v1/attachments/11619,
PDO-FR-A0314,La Romanée,Bourgogne-Franche-Comté,Burgundy,Grand Cru Monopole,NULL,1.25,0.5,NULL,NULL,https://ec.europa.eu/geographical-indications-register/eambrosia-public-api/api/v1/attachments/10337,
PDO-FR-A0322,La Tâche,Bourgogne-Franche-Comté,Burgundy,Grand Cru Monopole,NULL,1.25,0.5,NULL,NULL,https://ec.europa.eu/geographical-indications-register/eambrosia-public-api/api/v1/attachments/10417,
PDO-FR-A0590,Ladoix,Bourgogne-Franche-Comté,Burgundy,Communal,NULL,1.25,0.5,NULL,NULL,https://ec.europa.eu/geographical-indications-register/eambrosia-public-api/api/v1/attachments/10632,
PDO-FR-A0564,Latricières-Chambertin,Bourgogne-Franche-Comté,Burgundy,Grand Cru,NULL,1.25,0.5,NULL,NULL,https://ec.europa.eu/geographical-indications-register/eambrosia-public-api/api/v1/attachments/11608,
PDO-FR-A0649,Mâcon,Bourgogne-Franche-Comté,Burgundy,Regional,NULL,2.2,0.5,NULL,NULL,https://eur-lex.europa.eu/eli/C/2026/1751/oj,"GENERAL PROVISIONS: 7 000 plants per hectare. The spacing between the rows is 1,80 metres or less. Between plants in the same row, spacing is at least 0,80 metres. SPECIFIC PROVISIONS: 5 000 plants per hectare. The spacing between the rows is 2,20 metres or less. Between plants in the same row, spacing is at least 0,80 metres."
PDO-FR-A0718,Maranges,Bourgogne-Franche-Comté,Burgundy,Communal,NULL,1.25,0.5,NULL,NULL,https://ec.europa.eu/geographical-indications-register/eambrosia-public-api/api/v1/attachments/10564,
PDO-FR-A0175,Marsannay,Bourgogne-Franche-Comté,Burgundy,Communal,NULL,1.25,0.8,NULL,NULL,https://ec.europa.eu/geographical-indications-register/eambrosia-public-api/api/v1/attachments/10778,"Vines may be planted in 'en foule' (randomly/crowded) provided the minimum planting density is respected, and the spacing between vines is greater than 0.50 meters"
PDO-FR-A0315,Mazis-Chambertin,Bourgogne-Franche-Comté,Burgundy,Grand Cru,NULL,1.4,0.5,NULL,NULL,https://ec.europa.eu/geographical-indications-register/eambrosia-public-api/api/v1/attachments/10686,
PDO-FR-A0317,Mazoyères-Chambertin,Bourgogne-Franche-Comté,Burgundy,Grand Cru,NULL,1.25,0.5,NULL,NULL,https://ec.europa.eu/geographical-indications-register/eambrosia-public-api/api/v1/attachments/10771,
PDO-FR-A0404,Mercurey,Bourgogne-Franche-Comté,Burgundy,Communal,NULL,1.25,0.5,NULL,NULL,https://eur-lex.europa.eu/legal-content/EN/TXT/?uri=uriserv%3AOJ.C_.2021.089.01.0011.01.ENG&toc=OJ%3AC%3A2021%3A089%3ATOC,
PDO-FR-A1017,Meursault,Bourgogne-Franche-Comté,Burgundy,Communal,NULL,1.25,0.5,NULL,NULL,https://ec.europa.eu/geographical-indications-register/eambrosia-public-api/api/v1/attachments/10771,
PDO-FR-A0403,Montagny,Bourgogne-Franche-Comté,Burgundy,Communal,NULL,1.4,0.5,NULL,NULL,https://ec.europa.eu/geographical-indications-register/eambrosia-public-api/api/v1/attachments/10798,
PDO-FR-A0654,Monthélie,Bourgogne-Franche-Comté,Burgundy,Communal,NULL,1.25,0.5,NULL,NULL,https://ec.europa.eu/geographical-indications-register/eambrosia-public-api/api/v1/attachments/11146,
PDO-FR-A0402,Montrachet,Bourgogne-Franche-Comté,Burgundy,Grand Cru,NULL,1.25,0.5,NULL,NULL,https://ec.europa.eu/geographical-indications-register/eambrosia-public-api/api/v1/attachments/11141,
PDO-FR-A0913,Morey-Saint-Denis,Bourgogne-Franche-Comté,Burgundy,Communal,NULL,1.25,0.5,NULL,NULL,https://ec.europa.eu/geographical-indications-register/eambrosia-public-api/api/v1/attachments/10719,
PDO-FR-A0582,Musigny,Bourgogne-Franche-Comté,Burgundy,Grand Cru,NULL,1.25,0.5,NULL,NULL,https://ec.europa.eu/geographical-indications-register/eambrosia-public-api/api/v1/attachments/19860,
PDO-FR-A0579,Nuits-Saint-Georges,Bourgogne-Franche-Comté,Burgundy,Communal,NULL,1.25,0.5,NULL,NULL,https://ec.europa.eu/geographical-indications-register/eambrosia-public-api/api/v1/attachments/19868,
PDO-FR-A0643,Pernand-Vergelesses,Bourgogne-Franche-Comté,Burgundy,Communal,NULL,1.25,0.5,NULL,NULL,https://ec.europa.eu/geographical-indications-register/eambrosia-public-api/api/v1/attachments/11372,
PDO-FR-A0656,Petit Chablis,Bourgogne-Franche-Comté,Burgundy,Sub-regional,NULL,1.2,0.8,NULL,NULL,https://eur-lex.europa.eu/eli/C/2024/4131/oj,"The minimum vine planting density is 5 500 plants per hectare, with an average spacing between rows of 1,20 metres or less, except where vines are planted on slopes with a gradient of 40 % or over, in which case the spacing is 1,60 metres or less. Where the spacing is irregular, the distance between rows is no more than 2 metres."
PDO-FR-A0193,Pommard,Bourgogne-Franche-Comté,Burgundy,Communal,NULL,1.25,0.5,NULL,NULL,https://ec.europa.eu/geographical-indications-register/eambrosia-public-api/api/v1/attachments/11585,
PDO-FR-A0653,Pouilly-Fuissé,Bourgogne-Franche-Comté,Burgundy,Communal,NULL,1.4,0.75,NULL,NULL,https://eur-lex.europa.eu/legal-content/EN/TXT/?uri=uriserv%3AOJ.C_.2021.258.01.0021.01.ENG&toc=OJ%3AC%3A2021%3A258%3ATOC,
PDO-FR-A0652,Pouilly-Loché,Bourgogne-Franche-Comté,Burgundy,Communal,NULL,1.4,0.8,NULL,NULL,https://ec.europa.eu/geographical-indications-register/eambrosia-public-api/api/v1/attachments/10338,
PDO-FR-A0936,Pouilly-Vinzelles,Bourgogne-Franche-Comté,Burgundy,Communal,NULL,1.4,0.8,NULL,NULL,https://eur-lex.europa.eu/eli/C/2025/5776/oj,
PDO-FR-A0308,Puligny-Montrachet,Bourgogne-Franche-Comté,Burgundy,Communal,NULL,1.25,0.5,NULL,NULL,https://ec.europa.eu/geographical-indications-register/eambrosia-public-api/api/v1/attachments/10416,
PDO-FR-A0388,Richebourg,Bourgogne-Franche-Comté,Burgundy,Grand Cru,NULL,1.25,0.5,NULL,NULL,https://ec.europa.eu/geographical-indications-register/eambrosia-public-api/api/v1/attachments/10416,
PDO-FR-A0584,Romanée-Conti,Bourgogne-Franche-Comté,Burgundy,Grand Cru Monopole,NULL,1.25,0.5,NULL,NULL,https://ec.europa.eu/geographical-indications-register/eambrosia-public-api/api/v1/attachments/11625,
PDO-FR-A0309,Romanée-Saint-Vivant,Bourgogne-Franche-Comté,Burgundy,Grand Cru,NULL,1.25,0.5,NULL,NULL,https://ec.europa.eu/geographical-indications-register/eambrosia-public-api/api/v1/attachments/11647,
PDO-FR-A0559,Ruchottes-Chambertin,Bourgogne-Franche-Comté,Burgundy,Grand Cru,NULL,1.25,0.5,NULL,NULL,https://ec.europa.eu/geographical-indications-register/eambrosia-public-api/api/v1/attachments/10494,
PDO-FR-A0937,Rully,Bourgogne-Franche-Comté,Burgundy,Communal,NULL,1.4,0.8,NULL,NULL,https://ec.europa.eu/geographical-indications-register/eambrosia-public-api/api/v1/attachments/10794,
PDO-FR-A0822,Saint-Aubin,Bourgogne-Franche-Comté,Burgundy,Communal,NULL,1.25,0.5,NULL,NULL,https://ec.europa.eu/geographical-indications-register/eambrosia-public-api/api/v1/attachments/19875,
PDO-FR-A0197,Saint-Bris,Bourgogne-Franche-Comté,Burgundy,Communal,NULL,1.3,0.8,NULL,NULL,https://ec.europa.eu/geographical-indications-register/eambrosia-public-api/api/v1/attachments/11586,
PDO-FR-A0167,Saint-Romain,Bourgogne-Franche-Comté,Burgundy,Communal,NULL,1.25,0.5,NULL,NULL,https://ec.europa.eu/geographical-indications-register/eambrosia-public-api/api/v1/attachments/11329,
PDO-FR-A0577,Saint-Véran,Bourgogne-Franche-Comté,Burgundy,Communal,NULL,1.3,0.8,NULL,NULL,https://ec.europa.eu/geographical-indications-register/eambrosia-public-api/api/v1/attachments/10782,
PDO-FR-A0589,Santenay,Bourgogne-Franche-Comté,Burgundy,Communal,NULL,1.25,0.5,NULL,NULL,https://ec.europa.eu/geographical-indications-register/eambrosia-public-api/api/v1/attachments/10725,
PDO-FR-A0660,Savigny-Lès-Beaune,Bourgogne-Franche-Comté,Burgundy,Communal,NULL,1.25,0.5,NULL,NULL,https://ec.europa.eu/geographical-indications-register/eambrosia-public-api/api/v1/attachments/10845,
PDO-FR-A0661,Viré-Clessé,Bourgogne-Franche-Comté,Burgundy,Communal,NULL,1.25,0.5,NULL,NULL,https://ec.europa.eu/geographical-indications-register/eambrosia-public-api/api/v1/attachments/10845,
PDO-FR-A0198,Volnay,Bourgogne-Franche-Comté,Burgundy,Communal,NULL,1.4,0.8,NULL,NULL,https://ec.europa.eu/geographical-indications-register/eambrosia-public-api/api/v1/attachments/10353,
PDO-FR-A0504,Vosne-Romanée,Bourgogne-Franche-Comté,Burgundy,Communal,NULL,1.25,0.5,NULL,NULL,https://ec.europa.eu/geographical-indications-register/eambrosia-public-api/api/v1/attachments/10749,
PDO-FR-A0176,Vougeot,Bourgogne-Franche-Comté,Burgundy,Communal,NULL,1.25,0.5,NULL,NULL,https://ec.europa.eu/geographical-indications-register/eambrosia-public-api/api/v1/attachments/10749,
PDO-FR-A1359,Champagne,Grand Est,Champagne,Regional,NULL,2,0.7,1.5,NULL,https://eur-lex.europa.eu/eli/C/2024/7445/oj,
PDO-FR-A1364,Coteaux Champenois,Grand Est,Champagne,Regional Still,NULL,2,0.7,1.5,NULL,https://eur-lex.europa.eu/legal-content/EN/TXT/?uri=uriserv%3AOJ.C_.2023.253.01.0032.01.ENG&toc=OJ%3AC%3A2023%3A253%3ATOC,
PDO-FR-A1363,Rosé des Riceys,Grand Est,Champagne,Regional Still Rosé,NULL,2,0.7,1.5,NULL,https://eur-lex.europa.eu/legal-content/EN/TXT/?uri=uriserv%3AOJ.C_.2023.208.01.0075.01.ENG&toc=OJ%3AC%3A2023%3A208%3ATOC,
PDO-FR-A0489,Pineau des Charentes,Nouvelle-Aquitaine,Cognac Region,Vin de Liqueur,NULL,3,NULL,NULL,NULL,https://ec.europa.eu/geographical-indications-register/eambrosia-public-api/api/v1/attachments/11127,
PDO-FR-A0156,Ajaccio,Corse,Corsica,Communal,NULL,2.8,0.8,NULL,NULL,https://ec.europa.eu/geographical-indications-register/eambrosia-public-api/api/v1/attachments/10481,
PDO-FR-A0145,Corse/Vin de Corse,Corse,Corsica,Regional,NULL,2.8,0.8,NULL,NULL,https://ec.europa.eu/geographical-indications-register/eambrosia-public-api/api/v1/attachments/10482,
PDO-FR-A0722,Muscat du Cap Corse,Corse,Corsica,VDN Regional,NULL,2.5,1,NULL,NULL,https://ec.europa.eu/geographical-indications-register/eambrosia-public-api/api/v1/attachments/10480,
PDO-FR-A0157,Patrimonio,Corse,Corsica,Communal,NULL,2.8,0.8,NULL,NULL,https://ec.europa.eu/geographical-indications-register/eambrosia-public-api/api/v1/attachments/10479,
PDO-FR-A0994,Arbois,Bourgogne-Franche-Comté,Jura,Communal,NULL,2,NULL,2,2,https://ec.europa.eu/geographical-indications-register/eambrosia-public-api/api/v1/attachments/10542,
PDO-FR-A0187,Château-Chalon,Bourgogne-Franche-Comté,Jura,Communal Vin Jaune,NULL,2,NULL,NULL,2,https://ec.europa.eu/geographical-indications-register/eambrosia-public-api/api/v1/attachments/11579,"- Les vignes présentent une densité minimale à la plantation de 5000 pieds par
hectare, à l’exception des vignes plantées en terrasses.
- Pour les vignes qui ne sont pas plantées en terrasses et pour les terrasses avec au moins 2 rangs de vigne, chaque pied dispose d’une superficie maximale de 2 mètres carrés. Cette superficie est obtenue en multipliant les distances entre les rangs et d’espacement entre les pieds sur un même rang. Ces vignes ne peuvent présenter une distance entre les rangs supérieure à 2 mètres.
- Seules sont autorisées la taille en Guyot simple ou double et la taille courte
(conduite en cordon de Royat) ; Le nombre d’yeux francs par pied est inférieur ou égal à 20 ; En taille Guyot simple ou double, le nombre d’yeux francs est de 10 au plus sur le long bois, avec un maximum de 2 coursons de renouvellement à 2 yeux francs."
PDO-FR-A0155,Côtes du Jura,Bourgogne-Franche-Comté,Jura,Regional,NULL,2,NULL,NULL,2,https://ec.europa.eu/geographical-indications-register/eambrosia-public-api/api/v1/attachments/11579,"- Les vignes présentent une densité minimale à la plantation de 5000 pieds par
hectare, à l’exception des vignes plantées en terrasses.
- Pour les vignes qui ne sont pas plantées en terrasses et pour les terrasses avec au moins 2 rangs de vigne, chaque pied dispose d’une superficie maximale de 2 mètres carrés. Cette superficie est obtenue en multipliant les distances entre les rangs et d’espacement entre les pieds sur un même rang. Ces vignes ne peuvent présenter une distance entre les rangs supérieure à 2 mètres.
- Seules sont autorisées la taille en Guyot simple ou double et la taille courte
(conduite en cordon de Royat) ; Le nombre d’yeux francs par pied est inférieur ou égal à 20 ; En taille Guyot simple ou double, le nombre d’yeux francs est de 10 au plus sur le long bois, avec un maximum de 2 coursons de renouvellement à 2 yeux francs."
PDO-FR-A0740,Crémant du Jura,Bourgogne-Franche-Comté,Jura,Crémant,NULL,2,NULL,NULL,2,https://ec.europa.eu/geographical-indications-register/eambrosia-public-api/api/v1/attachments/10310,"a) - Densité de plantation
- Les vignes présentent une densité minimale à la plantation de 5000 pieds par
hectare, à l’exception des vignes plantées en terrasses;
- Pour les vignes qui ne sont pas plantées en terrasses et pour les terrasses avec au moins deux rangs de vigne, chaque pied dispose d’une superficie maximale de 2 mètres carrés; cette superficie est obtenue en multipliant les distances entre les rangs et d’espacement entre les pieds sur un même rang; ces vignes ne peuvent présenter une distance, entre les rangs, supérieur à 2 mètres

b) - Règles de taille
- Les vignes sont taillées soit en taille Guyot simple ou double, soit en taille courte
(conduite en cordon de Royat), avec un maximum de 20 yeux francs par pied et
120000 yeux francs par hectare ;
- En taille Guyot simple ou double, le nombre d’yeux francs est de 10 au plus sur
le long bois, avec un maximum de 2 coursons de renouvellement à 2 yeux francs.
c) - Transport de la vendange
Les raisins ne peuvent être transportés que dans des récipients non étanches
dans des conditions permettant de préserver l’intégrité des raisins ainsi que
l’élimination des jus d’autopressurage. "
PDO-FR-A0598,L'Etoile,Bourgogne-Franche-Comté,Jura,Communal,NULL,2,NULL,NULL,2,https://ec.europa.eu/geographical-indications-register/eambrosia-public-api/api/v1/attachments/11589,"- Les vignes présentent une densité minimale à la plantation de 5000 pieds par
hectare, à l’exception des vignes plantées en terrasses.
- Pour les vignes qui ne sont pas plantées en terrasses et pour les terrasses avec au moins 2 rangs de vigne, chaque pied dispose d’une superficie maximale de 2 mètres carrés. Cette superficie est obtenue en multipliant les distances entre les rangs et d’espacement entre les pieds sur un même rang. Ces vignes ne peuvent présenter une distance entre les rangs supérieure à 2 mètres.
- Seules sont autorisées la taille en Guyot simple ou double et la taille courte
(conduite en cordon de Royat) ; Le nombre d’yeux francs est inférieur ou égal à 20 yeux francs par pieds et 120000 yeux francs par hectare ; En taille Guyot simple ou double, le nombre d’yeux francs est de 10 au plus sur le long bois, avec un maximum de 2 coursons de renouvellement à 2 yeux francs.
- Les vins susceptibles de bénéficier de la mention traditionnelle « vin de paille »
sont issus de raisins récoltés manuellement par tries."
PDO-FR-A0192,Macvin du Jura,Bourgogne-Franche-Comté,Jura,Vin de Liqueur,NULL,2,NULL,NULL,2,https://ec.europa.eu/geographical-indications-register/eambrosia-public-api/api/v1/attachments/11589,"- Les vignes présentent une densité minimale à la plantation de 5000 pieds par
hectare, à l’exception des vignes plantées en terrasses.
- Pour les vignes qui ne sont pas plantées en terrasses et pour les terrasses avec
au moins 2 rangs de vigne, chaque pied dispose d’une superficie maximale de 2
mètres carrés. Cette superficie est obtenue en multipliant les distances entre les
rangs et d’espacement entre les pieds sur un même rang. Ces vignes ne peuvent
présenter une distance entre les rangs supérieure à 2 mètres.
- Seules sont autorisées la taille en Guyot simple ou double et la taille courte
(conduite en cordon de Royat) ; Le nombre d’yeux francs est inférieur ou égal à 20
yeux francs par pieds et 120000 yeux francs par hectare ; En taille Guyot simple
ou double, le nombre d’yeux francs est de 10 au plus sur le long bois, avec un
maximum de 2 coursons de renouvellement à 2 yeux francs.
- Les vins susceptibles de bénéficier de la mention traditionnelle « vin de paille »
sont issus de raisins récoltés manuellement par tries."
PDO-FR-A0672,Banyuls,Occitanie,Languedoc-Roussillon,Vin Doux Naturel,NULL,2.5,NULL,1.7,2.5,https://eur-lex.europa.eu/eli/C/2024/6184/oj,
PDO-FR-A0673,Banyuls Grand Cru,Occitanie,Languedoc-Roussillon,Vin Doux Naturel Cru,NULL,2.5,NULL,1.7,2.5,https://ec.europa.eu/geographical-indications-register/eambrosia-public-api/api/v1/attachments/10753,"Pour les vignes plantées au carré ou en quinconce, chaque pied dispose d’une superficie maximale de 3 mètres carrés. Cette superficie est obtenue en multipliant les distances d’inter-rang et d’espacement entre les pieds sur un même rang. L’écartement entre les rangs et l’écartement entre les pieds sur un même rang est FICHE TECHNIQUE 3 /13 Numéro de dossier: PDO-FR-A0673 inférieur ou égal à 1,70 mètre"
PDO-FR-A1011,Cabardès,Occitanie,Languedoc-Roussillon,Sub-regional,NULL,2.5,NULL,NULL,2.5,https://ec.europa.eu/geographical-indications-register/eambrosia-public-api/api/v1/attachments/36559,
PDO-FR-A0160,Clairette de Bellegarde,Occitanie,Languedoc-Roussillon,Communal,NULL,2.5,NULL,NULL,2.5,https://ec.europa.eu/geographical-indications-register/eambrosia-public-api/api/v1/attachments/10621,
PDO-FR-A0486,Clairette du Languedoc,Occitanie,Languedoc-Roussillon,Communal,NULL,2.5,NULL,1.7,2.5,https://ec.europa.eu/geographical-indications-register/eambrosia-public-api/api/v1/attachments/19792,"Pour les vignes plantées au carré ou en quinconce, chaque pied dispose d’une superficie maximale de 3 mètres carrés. Cette superficie est obtenue en multipliant les distances d’inter-rang et d’espacement entre les pieds sur un même rang. L’écartement entre les rangs et l’écartement entre les pieds sur un même rang est FICHE TECHNIQUE 3 /13 Numéro de dossier: PDO-FR-A0673 inférieur ou égal à 1,70 mètre"
PDO-FR-A1049,Collioure,Occitanie,Languedoc-Roussillon,Communal,NULL,2.5,NULL,NULL,2.5,https://ec.europa.eu/geographical-indications-register/eambrosia-public-api/api/v1/attachments/11135,
PDO-FR-A0671,Corbières,Occitanie,Languedoc-Roussillon,Sub-regional,NULL,2.5,NULL,1.7,2.5,https://ec.europa.eu/geographical-indications-register/eambrosia-public-api/api/v1/attachments/19792,"Pour les vignes plantées au carré ou en quinconce, chaque pied dispose d’une superficie maximale de 3 mètres carrés. Cette superficie est obtenue en multipliant les distances d’inter-rang et d’espacement entre les pieds sur un même rang. L’écartement entre les rangs et l’écartement entre les pieds sur un même rang est FICHE TECHNIQUE 3 /13 Numéro de dossier: PDO-FR-A0673 inférieur ou égal à 1,70 mètre"
PDO-FR-A0670,Corbières-Boutenac,Occitanie,Languedoc-Roussillon,Sub-regional Cru,NULL,2.5,NULL,1.7,2.25,https://ec.europa.eu/geographical-indications-register/eambrosia-public-api/api/v1/attachments/5605,"Pour les vignes plantées au carré ou en quinconce, chaque pied dispose d’une superficie maximale de 3 mètres carrés. Cette superficie est obtenue en multipliant les distances d’inter-rang et d’espacement entre les pieds sur un même rang. L’écartement entre les rangs et l’écartement entre les pieds sur un même rang est FICHE TECHNIQUE 3 /13 Numéro de dossier: PDO-FR-A0673 inférieur ou égal à 1,70 mètre"
PDO-FR-A0919,Côtes du Roussillon,Occitanie,Languedoc-Roussillon,Regional,NULL,2.5,NULL,1.7,2.5,https://eur-lex.europa.eu/legal-content/EN/TXT/?uri=uriserv%3AOJ.C_.2023.224.01.0026.01.ENG&toc=OJ%3AC%3A2023%3A224%3ATOC,"Pour les vignes plantées au carré ou en quinconce, chaque pied dispose d’une superficie maximale de 3 mètres carrés. Cette superficie est obtenue en multipliant les distances d’inter-rang et d’espacement entre les pieds sur un même rang. L’écartement entre les rangs et l’écartement entre les pieds sur un même rang est FICHE TECHNIQUE 3 /13 Numéro de dossier: PDO-FR-A0673 inférieur ou égal à 1,70 mètre"
PDO-FR-A0999,Côtes du Roussillon Villages,Occitanie,Languedoc-Roussillon,Sub-regional,NULL,2.5,NULL,1.7,2.5,https://eur-lex.europa.eu/eli/C/2026/2084/oj,"Pour les vignes plantées au carré ou en quinconce, chaque pied dispose d’une superficie maximale de 3 mètres carrés. Cette superficie est obtenue en multipliant les distances d’inter-rang et d’espacement entre les pieds sur un même rang. L’écartement entre les rangs et l’écartement entre les pieds sur un même rang est FICHE TECHNIQUE 3 /13 Numéro de dossier: PDO-FR-A0673 inférieur ou égal à 1,70 mètre"
PDO-FR-A1003,Crémant de Limoux,Occitanie,Languedoc-Roussillon,Crémant,NULL,2.5,NULL,NULL,2.5,https://ec.europa.eu/geographical-indications-register/eambrosia-public-api/api/v1/attachments/49074,
PDO-FR-A0996,Faugères,Occitanie,Languedoc-Roussillon,Sub-regional,NULL,2.5,NULL,1.7,2.5,https://ec.europa.eu/geographical-indications-register/eambrosia-public-api/api/v1/attachments/11123,"Pour les vignes plantées au carré ou en quinconce, chaque pied dispose d’une superficie maximale de 3 mètres carrés. Cette superficie est obtenue en multipliant les distances d’inter-rang et d’espacement entre les pieds sur un même rang. L’écartement entre les rangs et l’écartement entre les pieds sur un même rang est FICHE TECHNIQUE 3 /13 Numéro de dossier: PDO-FR-A0673 inférieur ou égal à 1,70 mètre"
PDO-FR-A0195,Fitou,Occitanie,Languedoc-Roussillon,Sub-regional,NULL,2.5,NULL,1.7,2.5,https://ec.europa.eu/geographical-indications-register/eambrosia-public-api/api/v1/attachments/10401,"Pour les vignes plantées au carré ou en quinconce, chaque pied dispose d’une superficie maximale de 3 mètres carrés. Cette superficie est obtenue en multipliant les distances d’inter-rang et d’espacement entre les pieds sur un même rang. L’écartement entre les rangs et l’écartement entre les pieds sur un même rang est FICHE TECHNIQUE 3 /13 Numéro de dossier: PDO-FR-A0673 inférieur ou égal à 1,70 mètre"
PDO-FR-A0721,Grand Roussillon,Occitanie,Languedoc-Roussillon,VDN Regional,NULL,2.5,NULL,1.7,2.5,https://ec.europa.eu/geographical-indications-register/eambrosia-public-api/api/v1/attachments/10474,"Pour les vignes plantées au carré ou en quinconce, chaque pied dispose d’une superficie maximale de 3 mètres carrés. Cette superficie est obtenue en multipliant les distances d’inter-rang et d’espacement entre les pieds sur un même rang. L’écartement entre les rangs et l’écartement entre les pieds sur un même rang est FICHE TECHNIQUE 3 /13 Numéro de dossier: PDO-FR-A0673 inférieur ou égal à 1,70 mètre"
PDO-FR-02113,La Clape,Occitanie,Languedoc-Roussillon,Sub-regional Cru,NULL,2.5,NULL,NULL,2.25,https://eur-lex.europa.eu/legal-content/EN/TXT/?uri=CELEX%3A32017D0809%2801%29,
PDO-FR-A0922,Languedoc,Occitanie,Languedoc-Roussillon,Regional,NULL,2.5,NULL,NULL,2.5,https://eur-lex.europa.eu/eli/C/2025/1261/oj,
PDO-FR-A0921,Limoux,Occitanie,Languedoc-Roussillon,Sub-regional,NULL,2.5,NULL,NULL,2.5,https://ec.europa.eu/geographical-indications-register/eambrosia-public-api/api/v1/attachments/10625,
PDO-FR-A0196,Malepère,Occitanie,Languedoc-Roussillon,Sub-regional,NULL,2.5,0.9,NULL,2.5,https://eur-lex.europa.eu/legal-content/EN/TXT/?uri=uriserv%3AOJ.C_.2022.458.01.0022.01.ENG&toc=OJ%3AC%3A2022%3A458%3ATOC,
PDO-FR-A0719,Maury,Occitanie,Languedoc-Roussillon,VDN Sub-regional,NULL,2.5,NULL,1.7,2.5,https://ec.europa.eu/geographical-indications-register/eambrosia-public-api/api/v1/attachments/10620,"Pour les vignes plantées au carré ou en quinconce, chaque pied dispose d’une superficie maximale de 3 mètres carrés. Cette superficie est obtenue en multipliant les distances d’inter-rang et d’espacement entre les pieds sur un même rang. L’écartement entre les rangs et l’écartement entre les pieds sur un même rang est FICHE TECHNIQUE 3 /13 Numéro de dossier: PDO-FR-A0673 inférieur ou égal à 1,70 mètre"
PDO-FR-A0330,Minervois,Occitanie,Languedoc-Roussillon,Sub-regional,NULL,2.5,0.8,NULL,NULL,https://eur-lex.europa.eu/legal-content/EN/TXT/?uri=uriserv%3AOJ.C_.2021.087.01.0035.01.ENG&toc=OJ%3AC%3A2021%3A087%3ATOC,
PDO-FR-A0667,Minervois-la-Livinière,Occitanie,Languedoc-Roussillon,Sub-regional Cru,NULL,2.5,NULL,NULL,2.5,https://eur-lex.europa.eu/legal-content/EN/TXT/?uri=OJ:C_202301470,
PDO-FR-A0675,Muscat de Frontignan/Frontignan/Vin de Frontignan,Occitanie,Languedoc-Roussillon,VDN Communal,NULL,2.5,NULL,NULL,2.5,https://ec.europa.eu/geographical-indications-register/eambrosia-public-api/api/v1/attachments/11572,
PDO-FR-A0717,Muscat de Lunel,Occitanie,Languedoc-Roussillon,VDN Communal,NULL,2.5,NULL,NULL,2.5,https://ec.europa.eu/geographical-indications-register/eambrosia-public-api/api/v1/attachments/11572,
PDO-FR-A0715,Muscat de Mireval,Occitanie,Languedoc-Roussillon,VDN Communal,NULL,2.5,NULL,1.7,2.5,https://ec.europa.eu/geographical-indications-register/eambrosia-public-api/api/v1/attachments/10553,"Pour les vignes plantées au carré ou en quinconce, chaque pied dispose d’une superficie maximale de 3 mètres carrés. Cette superficie est obtenue en multipliant les distances d’inter-rang et d’espacement entre les pieds sur un même rang. L’écartement entre les rangs et l’écartement entre les pieds sur un même rang est FICHE TECHNIQUE 3 /13 Numéro de dossier: PDO-FR-A0673 inférieur ou égal à 1,70 mètre"
PDO-FR-A1102,Muscat de Rivesaltes,Occitanie,Languedoc-Roussillon,VDN Regional,NULL,2.5,NULL,1.7,2.5,https://ec.europa.eu/geographical-indications-register/eambrosia-public-api/api/v1/attachments/10623,"Pour les vignes plantées au carré ou en quinconce, chaque pied dispose d’une superficie maximale de 3 mètres carrés. Cette superficie est obtenue en multipliant les distances d’inter-rang et d’espacement entre les pieds sur un même rang. L’écartement entre les rangs et l’écartement entre les pieds sur un même rang est FICHE TECHNIQUE 3 /13 Numéro de dossier: PDO-FR-A0673 inférieur ou égal à 1,70 mètre"
PDO-FR-A0666,Muscat de Saint-Jean-de-Minervois,Occitanie,Languedoc-Roussillon,VDN Communal,NULL,2.5,NULL,1.7,2.5,https://ec.europa.eu/geographical-indications-register/eambrosia-public-api/api/v1/attachments/10633,"Pour les vignes plantées au carré ou en quinconce, chaque pied dispose d’une superficie maximale de 3 mètres carrés. Cette superficie est obtenue en multipliant les distances d’inter-rang et d’espacement entre les pieds sur un même rang. L’écartement entre les rangs et l’écartement entre les pieds sur un même rang est FICHE TECHNIQUE 3 /13 Numéro de dossier: PDO-FR-A0673 inférieur ou égal à 1,70 mètre"
PDO-FR-N1672,Picpoul de Pinet,Occitanie,Languedoc-Roussillon,Communal,NULL,2.25,NULL,NULL,2.25,https://eur-lex.europa.eu/legal-content/EN/TXT/?uri=OJ%3AJOC_2017_253_R_0005,
PDO-FR-A0623,Rivesaltes,Occitanie,Languedoc-Roussillon,VDN Regional,NULL,2.5,NULL,1.7,2.5,https://eur-lex.europa.eu/legal-content/EN/TXT/?uri=OJ:C_202300152,"Pour les vignes plantées au carré ou en quinconce, chaque pied dispose d’une superficie maximale de 3 mètres carrés. Cette superficie est obtenue en multipliant les distances d’inter-rang et d’espacement entre les pieds sur un même rang. L’écartement entre les rangs et l’écartement entre les pieds sur un même rang est FICHE TECHNIQUE 3 /13 Numéro de dossier: PDO-FR-A0673 inférieur ou égal à 1,70 mètre"
PDO-FR-A0203,Saint-Chinian,Occitanie,Languedoc-Roussillon,Sub-regional,NULL,2.5,NULL,1.7,2.5,https://ec.europa.eu/geographical-indications-register/eambrosia-public-api/api/v1/attachments/10552,"Pour les vignes plantées au carré ou en quinconce, chaque pied dispose d’une superficie maximale de 3 mètres carrés. Cette superficie est obtenue en multipliant les distances d’inter-rang et d’espacement entre les pieds sur un même rang. L’écartement entre les rangs et l’écartement entre les pieds sur un même rang est FICHE TECHNIQUE 3 /13 Numéro de dossier: PDO-FR-A0673 inférieur ou égal à 1,70 mètre"
PDO-FR-02084,Terrasses du Larzac,Occitanie,Languedoc-Roussillon,Sub-regional Cru,NULL,2.25,NULL,NULL,2.25,https://eur-lex.europa.eu/legal-content/EN/ALL/?uri=uriserv:OJ.C_.2016.386.01.0009.01.ENG,
PDO-FR-A0820,Anjou,Pays de la Loire,Loire Valley,Sub-regional,NULL,2.5,1,NULL,NULL,https://ec.europa.eu/geographical-indications-register/eambrosia-public-api/api/v1/attachments/10559,"Les parcelles de vignes présentant une densité à la plantation inférieure à 4000 pieds à l’hectare mais supérieure ou égale à 3300 pieds à l’hectare bénéficient, pour leur récolte, du droit à l’appellation d’origine contrôlée sous réserve du respect des dispositions relatives aux règles de palissage et de hauteur de
feuillage fixées dans le présent cahier des charges. Ces parcelles de vigne ne
peuvent présenter un écartement entre les rangs supérieur à 3 mètres et un
écartement entre les pieds sur un même rang inférieur à 1 mètre."
PDO-FR-A0493,Anjou Villages,Pays de la Loire,Loire Valley,Sub-regional,NULL,2.5,1,NULL,NULL,https://ec.europa.eu/geographical-indications-register/eambrosia-public-api/api/v1/attachments/11129,"Les parcelles de vignes présentant une densité à la plantation inférieure à 4000 pieds à l’hectare mais supérieure ou égale à 3300 pieds à l’hectare bénéficient, pour leur récolte, du droit à l’appellation d’origine contrôlée sous réserve du respect des dispositions relatives aux règles de palissage et de hauteur de
feuillage fixées dans le présent cahier des charges. Ces parcelles de vigne ne
peuvent présenter un écartement entre les rangs supérieur à 3 mètres et un
écartement entre les pieds sur un même rang inférieur à 1 mètre."
PDO-FR-A0259,Anjou Villages Brissac,Pays de la Loire,Loire Valley,Communal,NULL,2.5,1,NULL,NULL,https://ec.europa.eu/geographical-indications-register/eambrosia-public-api/api/v1/attachments/11128,"Les parcelles de vignes présentant une densité à la plantation inférieure à 4000 pieds à l’hectare mais supérieure ou égale à 3300 pieds à l’hectare bénéficient, pour leur récolte, du droit à l’appellation d’origine contrôlée sous réserve du respect des dispositions relatives aux règles de palissage et de hauteur de
feuillage fixées dans le présent cahier des charges. Ces parcelles de vigne ne
peuvent présenter un écartement entre les rangs supérieur à 3 mètres et un
écartement entre les pieds sur un même rang inférieur à 1 mètre."
PDO-FR-A0405,Anjou-Coteaux de la Loire,Pays de la Loire,Loire Valley,Sub-regional,NULL,2.5,1,NULL,NULL,https://ec.europa.eu/geographical-indications-register/eambrosia-public-api/api/v1/attachments/24422,"Les parcelles de vignes présentant une densité à la plantation inférieure à 4000 pieds/ha mais supérieure ou égale à 3300 pieds/ha bénéficient, pour leur récolte, du droit à l'AOC sous réserve du respect des dispositions relatives aux règles de palissage et de hauteur de feuillage fixées dans le cahier des charges. Ces parcelles de vigne ne peuvent présenter un écartement entre les rangs supérieur à 3 m et un écartement entre les pieds sur un même rang inférieur à1 m."
PDO-FR-A0926,Bonnezeaux,Pays de la Loire,Loire Valley,Communal,NULL,2.5,1,NULL,NULL,https://ec.europa.eu/geographical-indications-register/eambrosia-public-api/api/v1/attachments/24558,"Les vignes présentent une densité minimale à la plantation de 4000 pieds /ha. Ces vignes ne peuvent présenter un écartement entre les rangs supérieur à 2,50 m et un écartement entre les pieds sur un
même rang inférieur à 1m. Les parcelles de vignes présentant une densité à la plantation inférieure à 4000 pieds /ha mais supérieure ou égale à 3300 pieds /ha bénéficient, pour leur récolte, du droit à l’AOC
sous réserve du respect des dispositions relatives aux règles de palissage et de hauteur de feuillage fixées dans le cahier des charges. Ces parcelles de vigne ne peuvent présenter un écartement entre les rangs supérieur à 3 m et un écartement entre les pieds sur un même rang inférieur à 1 m.

"
PDO-FR-A0729,Bourgueil,Centre-Val de Loire,Loire Valley,Communal,NULL,2.1,0.8,1.1,NULL,https://ec.europa.eu/geographical-indications-register/eambrosia-public-api/api/v1/attachments/10629,
PDO-FR-A1005,Cabernet d’Anjou,Pays de la Loire,Loire Valley,Sub-regional Rosé,NULL,2.1,0.8,1.1,NULL,https://ec.europa.eu/geographical-indications-register/eambrosia-public-api/api/v1/attachments/10629,
PDO-FR-A0257,Cabernet de Saumur,Pays de la Loire,Loire Valley,Sub-regional Rosé,NULL,2.5,1,NULL,NULL,https://ec.europa.eu/geographical-indications-register/eambrosia-public-api/api/v1/attachments/21783,
PDO-FR-A0154,Châteaumeillant,Centre-Val de Loire,Loire Valley,Communal,NULL,1.5,1,1.2,NULL,https://ec.europa.eu/geographical-indications-register/eambrosia-public-api/api/v1/attachments/19771,
PDO-FR-A0164,Cheverny,Centre-Val de Loire,Loire Valley,Communal,NULL,2.1,0.9,1.2,NULL,https://ec.europa.eu/geographical-indications-register/eambrosia-public-api/api/v1/attachments/10631,
PDO-FR-A0395,Chinon,Centre-Val de Loire,Loire Valley,Communal,NULL,2.5,1,NULL,NULL,https://ec.europa.eu/geographical-indications-register/eambrosia-public-api/api/v1/attachments/11137,
PDO-FR-A0201,Côte Roannaise,Auvergne-Rhône-Alpes,Loire Valley,Sub-regional,NULL,2.25,0.8,NULL,2.5,https://ec.europa.eu/geographical-indications-register/eambrosia-public-api/api/v1/attachments/11340,
PDO-FR-A0928,Coteaux d’Ancenis,Pays de la Loire,Loire Valley,Communal,NULL,1.6,0.9,1.1,NULL,https://ec.europa.eu/geographical-indications-register/eambrosia-public-api/api/v1/attachments/10802,
PDO-FR-A0149,Coteaux de l'aubance,Pays de la Loire,Loire Valley,Sub-regional Sweet,NULL,1.6,0.9,1.1,,https://ec.europa.eu/geographical-indications-register/eambrosia-public-api/api/v1/attachments/10802,
PDO-FR-A0179,Coteaux de Saumur,Pays de la Loire,Loire Valley,Sub-regional Sparkling,NULL,2.5,1,NULL,NULL,https://ec.europa.eu/geographical-indications-register/eambrosia-public-api/api/v1/attachments/10473,
PDO-FR-A0394,Coteaux du Giennois,Centre-Val de Loire,Loire Valley,Sub-regional,NULL,1.4,0.8,1.25,NULL,https://ec.europa.eu/geographical-indications-register/eambrosia-public-api/api/v1/attachments/10708,
PDO-FR-A0826,Coteaux du Layon,Pays de la Loire,Loire Valley,Sub-regional Sweet,NULL,2.5,0.8,0.9,NULL,https://eur-lex.europa.eu/legal-content/EN/TXT/?uri=uriserv%3AOJ.C_.2023.230.01.0209.01.ENG&toc=OJ%3AC%3A2023%3A230%3ATOC,
PDO-FR-A0299,Coteaux du Loir,Centre-Val de Loire,Loire Valley,Sub-regional,NULL,2,NULL,1,NULL,https://eur-lex.europa.eu/legal-content/EN/TXT/?uri=uriserv%3AOJ.C_.2022.246.01.0012.01.ENG&toc=OJ%3AC%3A2022%3A246%3ATOC,
PDO-FR-A0166,Coteaux du Vendômois,Centre-Val de Loire,Loire Valley,Sub-regional,NULL,2.1,0.9,1.1,NULL,https://ec.europa.eu/geographical-indications-register/eambrosia-public-api/api/v1/attachments/10411,
PDO-FR-A0925,Côtes d’Auvergne,Auvergne-Rhône-Alpes,Loire Valley,Sub-regional,NULL,2.5,0.9,1.4,NULL,https://eur-lex.europa.eu/legal-content/EN/TXT/?uri=uriserv%3AOJ.C_.2020.379.01.0029.01.ENG&toc=OJ%3AC%3A2020%3A379%3ATOC,
PDO-FR-A0172,Côtes du Forez,Auvergne-Rhône-Alpes,Loire Valley,Sub-regional,NULL,2.5,0.8,NULL,2.5,https://ec.europa.eu/geographical-indications-register/eambrosia-public-api/api/v1/attachments/10795,
PDO-FR-A0304,Cour-Cheverny,Centre-Val de Loire,Loire Valley,Communal,NULL,2.1,0.9,1.2,NULL,https://eur-lex.europa.eu/legal-content/EN/TXT/?uri=uriserv:OJ.C_.2019.414.01.0033.01.ENG&toc=OJ:C:2019:414:TOC,
PDO-FR-A0391,Crémant de Loire,Pays de la Loire/Centre-Val de Loire,Loire Valley,Crémant,NULL,1,2.5,NULL,,https://ec.europa.eu/geographical-indications-register/eambrosia-public-api/api/v1/attachments/11131,"Les vignes présentent une densité minimale à la plantation de 4000 pieds à
l’hectare. Ces vignes ne peuvent présenter un écartement entre les rangs
supérieur à 2,50 mètres et un écartement entre les pieds sur un même rang
inférieur à 1 mètre."
PDO-FR-A0733,Fiefs Vendéens,Pays de la Loire,Loire Valley,Regional,NULL,1.8,0.9,1.3,,https://ec.europa.eu/geographical-indications-register/eambrosia-public-api/api/v1/attachments/10781,"Les vignes présentent une densité minimale à la plantation de 5000 pieds par hectare. L’écartement entre les rangs est inférieur ou égal à 1,80 mètre et l’écartement entre les pieds sur un même rang est compris entre 0,90 mètre et 1,30 mètre. Les vignes sont taillées avec un maximum de 10 yeux francs par pied : - soit en taille Guyot simple ou double, - soit en taille courte à courson avec un maximum de 5 coursons par pied. La taille est achevée avant le 31 mai de l’année de la récolte."
PDO-FR-A0275,Gros Plant du Pays Nantais,Pays de la Loire,Loire Valley,Regional,NULL,2.2,0.9,1.1,NULL,https://eur-lex.europa.eu/eli/C/2026/1980/oj,"Les vignes présentent une densité minimale à la plantation de 6500 pieds par
hectare.
L’écartement entre les rangs est inférieur ou égal à 1,50 mètre et l’écartement
entre les pieds, sur un même rang, est supérieur ou égal à 1 mètre.
Les vignes sont taillées avec un maximum de 14 yeux francs par pied :
- soit en taille courte (cordon de Royat, gobelet, éventail) ;
- soit en taille Guyot simple.
La taille est achevée avant débourrement ou stade 5 de l’échelle d’Eichhorn et
Lorentz.
Au stade nouaison, le nombre de rameaux fructifères de l’année par pied est
inférieur ou égal à 12."
PDO-FR-A0726,Haut-Poitou,Nouvelle-Aquitaine,Loire Valley,Regional,NULL,2.2,1,NULL,NULL,https://ec.europa.eu/geographical-indications-register/eambrosia-public-api/api/v1/attachments/11132,
PDO-FR-A0393,Jasnières,Pays de la Loire,Loire Valley,Communal,NULL,1.8,NULL,1,NULL,https://ec.europa.eu/geographical-indications-register/eambrosia-public-api/api/v1/attachments/11584,
PDO-FR-A0300,Menetou-Salon,Centre-Val de Loire,Loire Valley,Communal,NULL,1.4,0.8,1.25,NULL,https://ec.europa.eu/geographical-indications-register/eambrosia-public-api/api/v1/attachments/19852,
PDO-FR-A0169,Montlouis-Sur-Loire,Centre-Val de Loire,Loire Valley,Communal,NULL,1.6,1,NULL,NULL,https://ec.europa.eu/geographical-indications-register/eambrosia-public-api/api/v1/attachments/10716,
PDO-FR-A0497,Muscadet,Pays de la Loire,Loire Valley,Regional,NULL,1.5,0.9,1.1,NULL,https://ec.europa.eu/geographical-indications-register/eambrosia-public-api/api/v1/attachments/10745,
PDO-FR-A0495,Muscadet Coteaux de la Loire,Pays de la Loire,Loire Valley,Sub-regional,NULL,1.5,0.9,1.1,NULL,https://ec.europa.eu/geographical-indications-register/eambrosia-public-api/api/v1/attachments/11616,
PDO-FR-A0496,Muscadet Côtes de Grandlieu,Pays de la Loire,Loire Valley,Sub-regional,NULL,2.2,0.9,1.1,NULL,https://eur-lex.europa.eu/eli/C/2026/2139/oj,
PDO-FR-A0494,Muscadet Sèvre et Maine,Pays de la Loire,Loire Valley,Sub-regional,NULL,2.2,0.9,1.1,NULL,https://eur-lex.europa.eu/eli/C/2026/1949/oj,
PDO-FR-A0303,Orléans,Centre-Val de Loire,Loire Valley,Communal,NULL,2,1,NULL,NULL,https://ec.europa.eu/geographical-indications-register/eambrosia-public-api/api/v1/attachments/10714,
PDO-FR-A0400,Orléans-Cléry,Centre-Val de Loire,Loire Valley,Communal,NULL,2,1,NULL,NULL,https://ec.europa.eu/geographical-indications-register/eambrosia-public-api/api/v1/attachments/11138,
PDO-FR-A0824,Pouilly-Fumé/Blanc Fumé de Pouilly,Centre-Val de Loire,Loire Valley,Communal,NULL,1.3,0.8,1.2,NULL,https://eur-lex.europa.eu/eli/C/2025/213/oj,
PDO-FR-A0825,Pouilly-Sur-Loire,Centre-Val de Loire,Loire Valley,Communal,NULL,1.3,0.8,1.2,NULL,https://eur-lex.europa.eu/eli/C/2025/212/oj,
PDO-FR-A0829,Quarts de Chaume,Pays de la Loire,Loire Valley,Communal Grand Cru,NULL,2,1,NULL,NULL,https://ec.europa.eu/geographical-indications-register/eambrosia-public-api/api/v1/attachments/10566,
PDO-FR-A0498,Quincy,Centre-Val de Loire,Loire Valley,Communal,NULL,1.45,0.8,1.25,NULL,https://ec.europa.eu/geographical-indications-register/eambrosia-public-api/api/v1/attachments/10630,
PDO-FR-A0727,Reuilly,Centre-Val de Loire,Loire Valley,Communal,NULL,1.45,0.8,1.2,NULL,11136,
PDO-FR-A1007,Rosé d’Anjou,Pays de la Loire,Loire Valley,Sub-regional Rosé,NULL,2.5,1,NULL,NULL,EUR-Lex - 52020XC0305(03) - EN - EUR-Lex,"The minimum vine planting density is 4 000 plants per hectare. The spacing between the vine rows must not exceed 2,5 metres, and the spacing between plants in the same row must be at least 1 metre. In the case of vineyard parcels where the planting density is at least 3 300 but less than 4 000 plants per hectare, the harvests are eligible for the controlled designation of origin provided that they comply with the rules on trellising and foliage height laid down in this specification. On such parcels, the spacing between the vine rows must not exceed 3 metres, and the spacing between plants in the same row must be at least 1 metre."
PDO-FR-A0150,Rosé de Loire,Pays de la Loire/Centre-Val de Loire,Loire Valley,Regional Rosé,NULL,2.5,1,NULL,NULL,EUR-Lex - 52020XC0211(05) - EN - EUR-Lex,"The minimum vine planting density is 4 000 plants per hectare. The spacing between the rows of these vines must not exceed 2,5 metres, and the spacing between plants in the same row must be at least 1 metre. Vineyard parcels with a planting density of less than 4 000 plants per hectare but greater than or equal to 3 300 plants per hectare, have the right, for harvesting, to the controlled designation of origin, subject to compliance with the rules on trellising and foliage height laid down in the specification. The spacing between the rows of these vines must not exceed 3 metres, and the spacing between plants in the same row must be at least 1 metre."
PDO-FR-A0585,Saint-Nicolas-de-Bourgueil,Centre-Val de Loire,Loire Valley,Communal,NULL,2.1,1,NULL,NULL,33912,
PDO-FR-A0586,Saint-Pourçain,Auvergne-Rhône-Alpes,Loire Valley,Sub-regional,NULL,2.5,0.9,1.2,NULL,EUR-Lex - 52021XC1227(06) - EN - EUR-Lex,
PDO-FR-A0194,Sancerre,Centre-Val de Loire,Loire Valley,Communal,NULL,1.3,0.8,1.25,NULL,10626,
PDO-FR-A0260,Saumur,Pays de la Loire,Loire Valley,Communal,NULL,2.5,0.9,NULL,NULL,EUR-Lex - 52023XC00798 - EN - EUR-Lex,"Vineyard parcels where the distance between plants in the same row is less than 0,90 m but at least 0,80 m, and where the gradient is greater than 10 %, are entitled to use the controlled designation of origin for their harvest.

The controlled designation of origin may be used for the harvests of vines with a density of fewer than 4 000 – but at least 3 300 – plants per hectare, subject to compliance with certain vine-training and foliage height rules laid down in the product specification. The spacing between the rows of these vines must not exceed 3 m, and the spacing between plants in the same row must be at least 1 m.

Cultivation method

To be eligible for the supplementary geographical designation ‘Puy-Notre-Dame’, the minimum vine planting density is 4 500 plants per hectare. The spacing between the rows must not exceed 2,20 m, and the spacing between plants in the same row must be at least 0,90 m. Vineyard parcels where the distance between plants in the same row is less than 0,90 m but at least 0,80 m, and where the gradient is greater than 10 %, are entitled to use the controlled designation of origin for their harvest."
PDO-FR-A0147,Saumur-Champigny,Pays de la Loire,Loire Valley,Communal,NULL,2.5,1,NULL,NULL,34173,"In the case of vineyard parcels where the planting density is at least 3 300 but less than 4 000 plants per hectare, the following additional trellising rules apply: the minimum height of the trellising posts above the ground is 1,9 metres; there are 4 levels of trellising wires; the minimum height of the highest wire is 1,85 metres above the ground."
PDO-FR-A0158,Savennières,Pays de la Loire,Loire Valley,Communal,NULL,2.5,0.9,NULL,NULL,EUR-Lex - 52023XC0210(02) - EN - EUR-Lex,min planting density 4000/hectare
PDO-FR-A0983,Savennières Coulée de Serrant,Pays de la Loire,Loire Valley,Communal Monopole,NULL,2,1,NULL,NULL,11620,
PDO-FR-A0982,Savennières Roche Aux Moines,Pays de la Loire,Loire Valley,Communal,NULL,2,0.9,NULL,NULL,EUR-Lex - 52023XC0926(03) - EN - EUR-Lex,min planting density 5000/hectare
PDO-FR-A0501,Touraine,Centre-Val de Loire,Loire Valley,Regional,1,2.1,0.9,NULL,NULL,EUR-Lex - 52022XC0720(02) - EN - EUR-Lex,min planting density 4500/hectare
PDO-FR-A0594,Touraine Noble Joué,Centre-Val de Loire,Loire Valley,Communal Rosé,NULL,1.6,0.95,NULL,NULL,10721,
PDO-FR-A0320,Valençay,Centre-Val de Loire,Loire Valley,Communal,NULL,1.7,0.9,NULL,NULL,EUR-Lex - 52023XC0223(03) - EN - EUR-Lex,min planting density 6000/hectare
PDO-FR-A0146,Vouvray,Centre-Val de Loire,Loire Valley,Communal,NULL,1.6,0.9,NULL,NULL,EUR-Lex - 52021XC0315(03) - EN - EUR-Lex,min planting density 6000/hectare
PDO-FR-A0709,Côtes de Toul,Grand Est,Lorraine,Sub-regional,NULL,2.25,0.8,1.5,NULL,11622,
PDO-FR-A0669,Moselle,Grand Est,Lorraine,Regional,NULL,2,0.8,1.3,NULL,10748,
PDO-FR-A0485,Bandol,Provence-Alpes-Côte d'Azur,Provence,Communal,NULL,2.5,NULL,NULL,2.5,EUR-Lex - 52022XC0930(08) - EN - EUR-Lex,min planting density 5000/hectare
PDO-FR-A0663,Bellet/Vin de Bellet,Provence-Alpes-Côte d'Azur,Provence,Communal,NULL,2,0.7,NULL,2,10483,
PDO-FR-A0396,Cassis,Provence-Alpes-Côte d'Azur,Provence,Communal,NULL,2.5,0.8,NULL,2.5,10484,
PDO-FR-A0159,Coteaux d’Aix-en-Provence,Provence-Alpes-Côte d'Azur,Provence,Sub-regional,NULL,2.5,0.8,NULL,2.5,49259,
PDO-FR-A0725,Coteaux Varois en Provence,Provence-Alpes-Côte d'Azur,Provence,Sub-regional,NULL,2.5,NULL,NULL,NULL,44010,min planting density 4000/hectare
PDO-FR-A0392,Côtes de Provence,Provence-Alpes-Côte d'Azur,Provence,Regional,NULL,2.5,0.8,NULL,NULL,36170,
PDO-FR-A0272,Les Baux de Provence,Provence-Alpes-Côte d'Azur,Provence,Sub-regional,NULL,2.5,0.8,NULL,NULL,EUR-Lex - 52025XC02150 - EN - EUR-Lex,min planting density 4000/hectare
PDO-FR-A0185,Palette,Provence-Alpes-Côte d'Azur,Provence,Communal,NULL,2.5,0.8,NULL,NULL,51012,min planting density 4000/hectare
PDO-FR-A0918,Pierrevert,Provence-Alpes-Côte d'Azur,Provence,Sub-regional,NULL,2.5,0.8,1.2,NULL,10555,
PDO-FR-A0724,Beaumes de Venise,Auvergne-Rhône-Alpes,Rhône Valley,Cru,NULL,2.5,0.9,1.1,2.5,https://eur-lex.europa.eu/legal-content/EN/TXT/?uri=uriserv%3AOJ.C_.2021.178.01.0010.01.ENG&toc=OJ%3AC%3A2021%3A178%3ATOCƒrhone,"Spacing exception: for vines trained using a unilateral cordon for which the spacing between plants in the same row is between 0,80 m and 1,10 m."
PDO-FR-02175,Cairanne,Occitanie,Rhône Valley,Cru,NULL,2.4,0.8,1.25,2.5,https://eur-lex.europa.eu/legal-content/EN/TXT/?uri=CELEX:32018D0111(01),
PDO-FR-A0587,Château-Grillet,Auvergne-Rhône-Alpes,Rhône Valley,Communal,NULL,1.25,0.8,NULL,NULL,https://eur-lex.europa.eu/eli/C/2025/1713/oj,
PDO-FR-A0144,Châteauneuf-du-Pape,Provence-Alpes-Côte d'Azur,Rhône Valley,Cru,NULL,2.5,NULL,1.5,2.2,https://ec.europa.eu/geographical-indications-register/eambrosia-public-api/api/v1/attachments/3028,
PDO-FR-A0177,Châtillon-en-Diois,Auvergne-Rhône-Alpes,Rhône Valley,Communal,NULL,2.5,0.8,2.5,,https://eur-lex.europa.eu/eli/C/2025/313/oj,
PDO-FR-A0301,Clairette de Die,Auvergne-Rhône-Alpes,Rhône Valley,Communal Sparkling,NULL,2.5,0.8,1.5,2.2,https://eur-lex.europa.eu/eli/C/2025/441/oj,
PDO-FR-A0685,Condrieu,Auvergne-Rhône-Alpes,Rhône Valley,Communal,NULL,2,NULL,NULL,1.5,https://eur-lex.europa.eu/eli/C/2025/3459/oj,
PDO-FR-A0161,Costières de Nîmes,Occitanie,Rhône Valley,Sub-regional,NULL,2.5,0.8,NULL,2.5,https://eur-lex.europa.eu/eli/C/2025/3140/oj,
PDO-FR-A0199,Côte Rôtie,Auvergne-Rhône-Alpes,Rhône Valley,Communal,NULL,1.75,NULL,NULL,1.5,https://eur-lex.europa.eu/eli/C/2024/6290/oj,
PDO-FR-A0397,Coteaux de Die,Auvergne-Rhône-Alpes,Rhône Valley,Communal,NULL,2.5,0.8,1.5,2.2,https://eur-lex.europa.eu/eli/C/2025/454/oj,
PDO-FR-A0202,Coteaux du Lyonnais,Auvergne-Rhône-Alpes,Rhône Valley,Sub-regional,NULL,2.5,0.8,NULL,2,https://ec.europa.eu/geographical-indications-register/eambrosia-public-api/api/v1/attachments/2424,
PDO-FR-A0325,Côtes du Rhône,Auvergne-Rhône-Alpes/Rhône/Provence,Rhône Valley,Regional,NULL,2.5,0.8,1.25,2.5,https://eur-lex.europa.eu/eli/C/2024/6185/oj,
PDO-FR-A0664,Côtes du Rhône Villages,Auvergne-Rhône-Alpes/Rhône/Provence,Rhône Valley,Sub-regional,NULL,2.5,0.8,1.25,2.5,https://eur-lex.europa.eu/eli/C/2024/6185/oj,
PDO-FR-A0390,Côtes du Vivarais,Auvergne-Rhône-Alpes,Rhône Valley,Sub-regional,NULL,2.5,0.8,1.5,NULL,https://ec.europa.eu/geographical-indications-register/eambrosia-public-api/api/v1/attachments/3796,
PDO-FR-A0487,Crémant de Die,Auvergne-Rhône-Alpes,Rhône Valley,Crémant,NULL,2.5,0.8,1.5,2.2,https://eur-lex.europa.eu/eli/C/2025/455/oj,
PDO-FR-A0389,Crozes-Hermitage/Crozes-Ermitage,Auvergne-Rhône-Alpes,Rhône Valley,Sub-regional,NULL,2.5,NULL,NULL,2.5,https://eur-lex.europa.eu/legal-content/EN/TXT/?uri=uriserv%3AOJ.C_.2021.083.01.0028.01.ENG&toc=OJ%3AC%3A2021%3A083%3ATOC,
PDO-FR-A0143,Gigondas,Provence-Alpes-Côte d'Azur,Rhône Valley,Cru,NULL,2.5,1,1.5,2.5,https://ec.europa.eu/geographical-indications-register/eambrosia-public-api/api/v1/attachments/36880,
PDO-FR-A0929,Grignan-les-Adhémar,Auvergne-Rhône-Alpes,Rhône Valley,Sub-regional,NULL,2.5,1,1.5,NULL,https://eur-lex.europa.eu/eli/C/2024/1810/oj,
PDO-FR-A1002,Hermitage/Ermitage/L'hermitage/L'ermitage,Auvergne-Rhône-Alpes,Rhône Valley,Cru,NULL,2,0.8,NULL,NULL,https://ec.europa.eu/geographical-indications-register/eambrosia-public-api/api/v1/attachments/19836,
PDO-FR-A0331,Lirac,Occitanie,Rhône Valley,Communal,NULL,2.5,0.8,1.25,NULL,https://eur-lex.europa.eu/eli/C/2024/5919/oj,
PDO-FR-A0920,Luberon,Provence-Alpes-Côte d'Azur,Rhône Valley,Sub-regional,NULL,2.5,0.8,1.2,NULL,https://eur-lex.europa.eu/eli/C/2025/4405/oj,
PDO-FR-A0716,Muscat de Beaumes-de-Venise,Provence-Alpes-Côte d'Azur,Rhône Valley,VDN Communal,NULL,2.2,0.9,1.1,2.2,https://ec.europa.eu/geographical-indications-register/eambrosia-public-api/api/v1/attachments/75389,"with the exception of vines trained in unilateral cordon, for which the spacing between vines on the same row cannot be less than 0.80 meters"
PDO-FR-A0720,Rasteau,Provence-Alpes-Côte d'Azur,Rhône Valley,Cru,NULL,2.3,0.8,1.25,2.5,https://eur-lex.europa.eu/eli/C/2024/2558/oj,
PDO-FR-A0200,Saint-Joseph,Auvergne-Rhône-Alpes,Rhône Valley,Sub-regional,NULL,2.5,NULL,NULL,2.3,https://eur-lex.europa.eu/eli/C/2024/5920/oj,
PDO-FR-A0398,Saint-Péray,Auvergne-Rhône-Alpes,Rhône Valley,Communal,NULL,2.5,NULL,NULL,2.5,https://ec.europa.eu/geographical-indications-register/eambrosia-public-api/api/v1/attachments/3713,
PDO-FR-A0328,Tavel,Occitanie,Rhône Valley,Communal Rosé,NULL,2.5,NULL,NULL,2.25,https://ec.europa.eu/geographical-indications-register/eambrosia-public-api/api/v1/attachments/40733,
PDO-FR-A0151,Vacqueyras,Provence-Alpes-Côte d'Azur,Rhône Valley,Cru,NULL,2.5,0.85,1.2,2.5,https://eur-lex.europa.eu/legal-content/EN/TXT/?uri=uriserv:OJ.C_.2017.206.01.0009.01.ENG&toc=OJ:C:2017:206:TOC,
PDO-FR-A0399,Ventoux,Provence-Alpes-Côte d'Azur,Rhône Valley,Sub-regional,NULL,2.5,0.8,1.5,2.5,https://eur-lex.europa.eu/eli/C/2024/1928/oj,
PDO-FR-A0690,Vinsobres,Auvergne-Rhône-Alpes,Rhône Valley,Cru,NULL,2.5,0.8,1.2,2.5,https://eur-lex.europa.eu/legal-content/EN/TXT/?uri=uriserv:OJ.C_.2020.094.01.0027.01.ENG&toc=OJ:C:2020:094:TOC,
PDO-FR-A0174,Bugey,Auvergne-Rhône-Alpes,Savoie & Bugey,Regional,NULL,2.4,0.8,1.3,NULL,19757,
PDO-FR-A0173,Roussette de Savoie,Auvergne-Rhône-Alpes,Savoie & Bugey,Regional,NULL,2.5,0.8,NULL,NULL,EUR-Lex - 52024XC05918 - EN - EUR-Lex,min planting density 5000/hectare
PDO-FR-A0588,Roussette du Bugey,Auvergne-Rhône-Alpes,Savoie & Bugey,Regional,NULL,2.5,0.8,NULL,NULL,25383,
PDO-FR-A0679,Seyssel,Auvergne-Rhône-Alpes,Savoie & Bugey,Communal,NULL,2,0.8,NULL,NULL,31294,min planting density 6000/hectare
PDO-FR-A0681,Vin de Savoie/Savoie,Auvergne-Rhône-Alpes,Savoie & Bugey,Regional,NULL,2.5,0.8,NULL,NULL,10680,No information available
PDO-FR-A0597,Béarn,Nouvelle-Aquitaine,Southwest France,Regional,NULL,2.5,NULL,NULL,NULL,48582,min planting density 4000/hectare
PDO-FR-A0190,Bergerac,Nouvelle-Aquitaine,Southwest France,Regional,NULL,2.5,0.8,NULL,NULL,40927,min planting density 4000/hectare
PDO-FR-A0984,Brulhois,Occitanie,Southwest France,Sub-regional,NULL,2.5,0.9,1.1,NULL,30198,min planting density 4000/hectare
PDO-FR-A0148,Buzet,Nouvelle-Aquitaine,Southwest France,Sub-regional,NULL,2.5,0.9,1.3,NULL,10332,
PDO-FR-A0302,Cahors,Occitanie,Southwest France,Regional,NULL,2.5,0.9,1.3,NULL,10332,
PDO-FR-A0499,Coteaux du Quercy,Occitanie,Southwest France,Sub-regional,NULL,2.5,0.9,1.1,NULL,EUR-Lex - 52025XC06752 - EN - EUR-Lex,min planting density 4000/hectare
PDO-FR-A0191,Côtes de Bergerac,Nouvelle-Aquitaine,Southwest France,Sub-regional,NULL,2.5,0.8,NULL,NULL,40936,min planting density 4000/hectare
PDO-FR-A0165,Côtes de Duras,Nouvelle-Aquitaine,Southwest France,Sub-regional,NULL,2.5,NULL,NULL,2.5,EUR-Lex - 52021XC1203(05) - EN - EUR-Lex,min planting density 4000/hectare
PDO-FR-A0596,Côtes de Millau,Occitanie,Southwest France,Sub-regional,NULL,2.25,0.8,1.25,2.5,10679,
PDO-FR-A0188,Côtes de Montravel,Nouvelle-Aquitaine,Southwest France,Sub-regional Sweet,NULL,2,0.8,NULL,NULL,Implementing decision - 10 July 2018 - EN - EUR-Lex,min planting density 5000/hectare
PDO-FR-A0683,Côtes du Marmandais,Nouvelle-Aquitaine,Southwest France,Sub-regional,NULL,2.5,NULL,NULL,2.5,30337,min planting density 4000/hectare
PDO-FR-A0986,Entraygues-le Fel,Occitanie,Southwest France,Communal,NULL,2,1,NULL,2.5,11341,
PDO-FR-A1000,Estaing,Occitanie,Southwest France,Communal,NULL,2.5,0.8,NULL,NULL,11339,
PDO-FR-A0503,Floc de Gascogne,Nouvelle-Aquitaine,Southwest France,Vin de Liqueur,NULL,NULL,NULL,NULL,NULL,,No information available
PDO-FR-A0595,Fronton,Occitanie,Southwest France,Sub-regional,NULL,2.5,0.8,NULL,NULL,EUR-Lex - 52025XC04351 - EN - EUR-Lex,min planting density 4000/hectare
PDO-FR-A0502,Gaillac,Occitanie,Southwest France,Regional,NULL,2.5,0.8,NULL,NULL,40533,min planting density 4000/hectare
PDO-FR-A0326,Gaillac Premières Côtes,Occitanie,Southwest France,Sub-regional,NULL,2.5,0.8,NULL,NULL,10731,
PDO-FR-A0152,Haut-Montravel,Nouvelle-Aquitaine,Southwest France,Sub-regional Sweet,NULL,2,0.8,NULL,NULL,Implementing decision - 5 January 2018 - EN - EUR-Lex,min planting density 5000/hectare
PDO-FR-A0708,Irouléguy,Nouvelle-Aquitaine,Southwest France,Sub-regional,NULL,2.5,0.9,NULL,NULL,32264,min planting density 4000/hectare
PDO-FR-A0827,Jurançon,Nouvelle-Aquitaine,Southwest France,Regional,NULL,2.8,NULL,NULL,NULL,48573,min planting density 4000/hectare
PDO-FR-A0687,Madiran,Occitanie,Southwest France,Regional,NULL,2.5,0.8,NULL,NULL,48579,min planting density 4000/hectare
PDO-FR-A0818,Marcillac,Occitanie,Southwest France,Regional,NULL,2.5,0.85,1.25,NULL,32287,min planting density 4000/hectare
PDO-FR-A0153,Monbazillac,Nouvelle-Aquitaine,Southwest France,Sub-regional Sweet,NULL,2.5,0.8,NULL,NULL,48592,min planting density 4000/hectare
PDO-FR-A0923,Montravel,Nouvelle-Aquitaine,Southwest France,Regional,NULL,2,0.8,NULL,NULL,Implementing decision - 3 August 2017 - EN - EUR-Lex,min planting density 5000/hectare
PDO-FR-A0593,Pacherenc du Vic-Bilh,Occitanie,Southwest France,Regional,NULL,2.5,0.8,NULL,NULL,https://ec.europa.eu/geographical-indications-register/eambrosia-public-api/api/v1/attachments/48576,min planting density 4000/hectare
PDO-FR-A0823,Pécharmant,Nouvelle-Aquitaine,Southwest France,Sub-regional,NULL,2.5,0.9,NULL,NULL,49265,min planting density 4000/hectare
PDO-FR-A0163,Rosette,Nouvelle-Aquitaine,Southwest France,Communal Sweet,NULL,2.5,0.9,NULL,NULL,40951,min planting density 4000/hectare
PDO-FR-A0711,Saint-Mont,Occitanie,Southwest France,Sub-regional,NULL,2.5,0.8,1.1,NULL,EUR-Lex - 52021XC0122(02) - EN - EUR-Lex,min planting density 4000/hectare
PDO-FR-A0408,Saint-Sardos,Occitanie,Southwest France,Communal,NULL,2.5,0.9,NULL,NULL,10341,
PDO-FR-A0189,Saussignac,Nouvelle-Aquitaine,Southwest France,Sub-regional Sweet,NULL,NULL,NULL,0.9,2,40963,min planting density 5000/hectare
PDO-FR-A0734,Tursan,Nouvelle-Aquitaine,Southwest France,Sub-regional,NULL,2.5,0.8,1.2,NULL,37252,min planting density 5000/hectare